Timestamp,initials_extractor,study_id,author_year,paper_title,publication_year,Journal,Journal_Citation_Report_Category,Journal_Category_Allocated_Broad,DOI,CEESAT2_1.1,CEESAT2_2.1,protocol_database,CEESAT2_3.1,CEESAT2_3.2,CEESAT2_4.1,CEESAT2_4.2,CEESAT2_4.3,database_search,CEESAT2_5.1,CEESAT2_5.2,rob_assessment_method  ,CEESAT2_6.1,CEESAT2_6.2,CEESAT2_6.3,software_analysis ,CEESAT2_7.1,effect_size,CEESAT2_7.2,CEESAT2_7.3,heterogeneity_assessment_method ,meta_regression ,sensitivity_analysis_method,bias_assessment_type,bias_assessment_method,bias_assessment_visualization,visualization_method ,reporting_standards_type,reporting_guideline_provided,literature_screening_flowchart,CEESAT2_8.1
9/28/2022 10:01:29,km,s_001,vasseghian_2021,"The concentration of persistent organic pollutants in water resources: A global systematic review, meta-analysis and probabilistic risk assessment",2021,Science of The Total Environment,ENVIRONMENTAL SCIENCES - SCIE,Environmental Science,10.1016/j.scitotenv.2021.149000,Green,Red,NA,Amber,Amber,Amber,Red,Red,"Scopus, PubMed, Embase",Red,Red,NA,Red,Red,Red,Excel,Amber,z-score,Red,Red,NA,No,NA,NA,NA,NA,NA,PRISMA,No,Yes,Red
9/28/2022 10:23:01,km,s_002,ingber_2013,DDT/DDE and breast cancer: A meta-analysis,2013,Regulatory Toxicology and Pharmacology,"PHARMACOLOGY & PHARMACY - SCIE/ MEDICINE, LEGAL - SCIE/ TOXICOLOGY - SCIE",Toxicology,10.1016/j.yrtph.2013.08.021,Amber,Red,NA,Amber,Amber,Amber,Red,Amber,"Web of Science, PubMed",Red,Red,NA,Red,Red,Gold ,comprehensive meta-analysis software,Amber,odds ratio,Amber ,Amber ,I squared,Yes,NA,Publication bias,"Egger's regression test, Begg's test",NA,Forest plot,NA,NA,Yes,Amber 
9/28/2022 11:14:40,km,s_003,park_2016,Body burden of persistent organic pollutants on hypertension: a meta-analysis,2016,Environmental Science and Pollution Research,ENVIRONMENTAL SCIENCES - SCIE,Environmental Science,10.1007/s11356-016-6568-6,Amber,Red,NA,Amber,Amber,Amber,Red,Amber,"PubMed, Embase, Korean Medical Database",Green,Amber ,Newcastle Ottawa scale,Amber,Green ,Gold ,Stata,Amber,odds ratio,Amber ,Amber ,"I squared, Q statistic",Yes,NA,Publication bias,"Egger's regression test, Begg's test",NA,Forest plot ,NA,NA,Yes,Amber 
9/28/2022 11:34:42,km,s_004,sievers_2019,Contaminant-induced behavioural changes in amphibians: A meta-analysis,2019,Science of The Total Environment,ENVIRONMENTAL SCIENCES - SCIE,Environmental Science,10.1016/j.scitotenv.2019.07.376,Green,Red,NA,Green ,Amber,Amber,Red,Amber,Web of Science,Red,Red,NA,Amber,Red,Red,R,Amber,InRR (log response ratio),Red,Red,NA,Yes,NA,NA,NA,NA,Forest plot ,PRISMA,No,Yes,Red
9/28/2022 11:47:44,km,s_005,araujo_1999,Organochlorine compounds in subtropical and tropical marine organisms: a meta-analysis,1999,Toxicology and Industrial Health ,"TOXICOLOGY - SCIE/ PUBLIC, ENVIRONMENTAL & OCCUPATIONAL HEALTH - SCIE",Toxicology,10.1191/074823399678846709,NA,NA,NA,NA,NA,NA,NA,NA,NA,NA,NA,NA,NA,NA,NA,NA,NA,NA,NA,NA,NA,NA,NA,NA,NA,NA,NA,NA,NA,NA,NA
9/28/2022 12:22:22,km,s_006,davis_1993,Contamination of Coastal versus Open Ocean Surface Waters,1993,Marine Pollution Bulletin,MARINE & FRESHWATER BIOLOGY - SCIE/ ENVIRONMENTAL SCIENCES - SCIE,Marine Biology,10.1016/0025-326X(93)90121-Y,NA,NA,NA,NA,NA,NA,NA,NA,NA,NA,NA,NA,NA,NA,NA,NA,NA,NA,NA,NA,NA,NA,NA,NA,NA,NA,NA,NA,NA,NA,NA
9/28/2022 13:39:31,km,s_007,brauner_2021,Endocrine Disrupting Chemicals and Risk of Testicular Cancer: A Systematic Review and Meta-analysis,2021,The Journal of Clinical Endocrinology & Metabolism,no category found,Medicine,10.1210/clinem/dgab523,Amber,Gold,prospero,Red,Amber,Amber,Red,Amber,"PubMed, Embase",Amber ,Amber ,custom scale ,Red,Amber,Red,R,Amber,odds ratio,Gold,Amber ,I squared,Yes,NA,Publication bias,Begg's test,Funnel plot,Forest plot ,PRISMA,No,Yes,Red
9/28/2022 13:52:06,km,s_008,canosancho_2017,"Association between Exposure to <i>p,p</i> ?-DDT and Its Metabolite <i>p,p</i> ?-DDE with Obesity: Integrated Systematic Review and Meta-Analysis",2017,Environmental Health Perspectives,"TOXICOLOGY - SCIE/ PUBLIC, ENVIRONMENTAL & OCCUPATIONAL HEALTH - SCIE/ ENVIRONMENTAL SCIENCES - SCIE",Environmental Science,10.1289/EHP527,Gold,Red,NA,Amber,Amber,Green,Red,Amber,"Scopus, Embase, Medline",Green,Red,NTP/OHAT,Amber,Red,Amber,Stata,Amber,risk ratio,Amber ,Amber ,I squared,No,NA,Publication bias,Egger's regression test,Funnel plot,Forest plot ,"GRADE guideline, NTP/OHAT guideline",No,Yes,Green
9/28/2022 14:02:12,km,s_009,frampton_2006,EFFECTS OF PESTICIDES ON SOIL INVERTEBRATES IN LABORATORY STUDIES: A REVIEW AND ANALYSIS USING SPECIES SENSITIVITY DISTRIBUTIONS,2006,Environmental Toxicology and Chemistry,ENVIRONMENTAL SCIENCES - SCIE/ TOXICOLOGY - SCIE,Toxicology,10.1897/05-438R.1,NA,NA,NA,NA,NA,NA,NA,NA,NA,NA,NA,NA,NA,NA,NA,NA,NA,NA,NA,NA,NA,NA,NA,NA,NA,NA,NA,NA,NA,NA,NA
9/28/2022 14:10:49,km,s_010,fu_2020,The association between environmental endocrine disruptors and cardiovascular diseases: A systematic review and meta-analysis,2020,Environmental Research,"ENVIRONMENTAL SCIENCES - SCIE/ PUBLIC, ENVIRONMENTAL & OCCUPATIONAL HEALTH - SCIE",Environmental Science,10.1016/j.envres.2020.109464,Green,Red,NA,Amber,Amber,Amber,Red,Amber,"Web of Science, PubMed, ScienceDirect, EBSCO",Green,Red,Newcastle Ottawa scale ,Amber ,Amber,Red,Stata,Amber,odds ratio,Green,Amber ,"I squared, Q statistic",Yes,Leave one out analysis,Publication bias,"Egger's regression test, Begg's test",NA,Forest plot ,PRISMA ,NA,Yes,Green
9/28/2022 14:25:11,km,s_011,hernandezmariano_2020,Exposure to the pesticide DDT and risk of diabetes and hypertension: Systematic review and meta-analysis of prospective studies,2020,International Journal of Hygiene and Environmental Health,"INFECTIOUS DISEASES - SCIE/ PUBLIC, ENVIRONMENTAL & OCCUPATIONAL HEALTH - SCIE",Environmental Science,10.1016/j.ijheh.2021.113865,Amber,Red,NA,Green ,Amber,Amber,Red,Amber,"Web of Science, PubMed, EBSCO, Scielo",Green,Red,Newcastle Ottawa scale ,Amber ,Amber,Red,Stata,Amber,odds ratio,Amber ,Amber ,"I squared, Q statistic",Yes,NA,Publication bias,Egger's regression test,Funnel plot,Forest plot ,PRISMA ,No,Yes,Amber 
9/28/2022 14:34:48,km,s_012,khanjani_2007,Systematic Review and Meta-analysis of Cyclodiene Insecticides and Breast Cancer,2007,Journal of Environmental Science and Health Part C,ENVIRONMENTAL SCIENCES - SCIE/ ONCOLOGY - SCIE/ TOXICOLOGY - SCIE,Environmental Science,10.1080/10590500701201711,Amber,Red,NA,Green ,Amber,Green,Red,Red,"PubMed, Embase",Red,Red,NA,Red,Red,Red,Stata,Amber,"odds ratio, ratio of means",Amber ,Amber ,Q statistic,No,NA,NA,NA,NA,Forest plot ,NA,NA,No,Red
9/28/2022 14:46:00,km,s_013,odutola_2021,A systematic review and meta-analysis of occupational exposures and risk of follicular lymphoma,2021,Environmental Research,"ENVIRONMENTAL SCIENCES - SCIE/ PUBLIC, ENVIRONMENTAL & OCCUPATIONAL HEALTH - SCIE",Environmental Science,10.1016/j.envres.2021.110887,Amber,Gold,prospero,Green ,Amber,Amber,Amber,Amber,"Web of Science, Embase, Medline",Amber ,Gold,Newcastle Ottawa scale ,Amber ,Amber,Green,Stata,Amber,odds ratio,Gold,Amber ,"I squared, Q statistic",Yes,Leave one out analysis,NA,NA,NA,Forest plot ,PRISMA ,Yes,Yes,Green
9/28/2022 15:01:57,km,s_014,santana_2022,A meta-analytic review of fish antioxidant defense and biotransformation systems following pesticide exposure,2022,Chemosphere,ENVIRONMENTAL SCIENCES - SCIE,Environmental Science,10.1016/j.chemosphere.2021.132730,Green,Red,NA,Green ,Amber,Green,Red,Amber,"Web of Science, PubMed",Red,Red,NA,Green,Red,Red,R,Amber,"InRR (log response ratio), lnCVR (log coefficient variation ratio)",Amber ,Amber ,I squared,Yes,NA,"Publication bias, Time-lag bias  ",Egger's regression test,"Funnel plot, trim and fill ",Forest plot ,NA,NA,Yes,Green
9/28/2022 15:07:28,km,s_015,tang_2014,Exposure to Organochlorine Pollutants and Type 2 Diabetes: A Systematic Review and Meta-Analysis,2014,PLoS one,MULTIDISCIPLINARY SCIENCES - SCIE,Multidisciplinary ,10.1371/journal.pone.0085556,Red,Red,NA,Amber,Amber,Amber,Red,Amber,"Web of Science, Medline",Green,Red,Downs and Black  ,Amber ,Amber,Red,RevMan,Amber,odds ratio,Green,Amber ,"I squared, Q statistic",Yes,Leave one out analysis ,Publication bias,NA,Funnel plot,Forest plot ,PRISMA ,Yes,Yes,Amber 
11/17/2022 11:58:16,km,s_016,cervantes_2003,Dichlorodiphenyldichloroethane burden and breast cancer risk: a meta-analysis of the epidemiologic evidence.,2003,Environmental Health Perspectives,"TOXICOLOGY - SCIE/ PUBLIC, ENVIRONMENTAL & OCCUPATIONAL HEALTH - SCIE/ ENVIRONMENTAL SCIENCES - SCIE",Environmental Science,10.1289/ehp.112-1241830,Green,Red,NA,Red,Amber,Amber,Red,Red,"PubMed, Medline",Red,Red,NA,Red,Amber,Red,Stata,Amber,odds ratio,Amber ,Amber , Q statistic,Yes,NA,Publication bias,Begg's test,NA,Forest plot ,NA,NA,No,Red
11/17/2022 14:14:39,km,s_017,sun_2022,Prenatal exposure to endocrine-disrupting chemicals and thyroid function in neonates: A systematic review and meta-analysis.,2022,Ecotoxicology and Environmental Safety,TOXICOLOGY - SCIE/ ENVIRONMENTAL SCIENCES - SCIE,Toxicology,10.1016/j.ecoenv.2022.113215,Amber,Gold,prospero,Green ,Amber,Amber,Red,Gold,"PubMed, Embase, Cochrane",Gold ,Gold,Robins-I,Amber,Amber,Gold ,Stata,Amber,Beta regression coefficient ,Gold,Amber ,"I squared, Q statistic",Yes,Leave one out analysis ,Publication bias,NA,Funnel plot,Forest plot ,PRISMA,No,No,Green
11/17/2022 14:53:04,km,s_018,schinasi_2014,Non-Hodgkin lymphoma and occupational exposure to agricultural pesticide chemical groups and active ingredients: a systematic review and meta-analysis.,2014,International journal of environmental research and public health,"PUBLIC, ENVIRONMENTAL & OCCUPATIONAL HEALTH - SCIE/ ENVIRONMENTAL SCIENCES - SCIE/ PUBLIC, ENVIRONMENTAL & OCCUPATIONAL HEALTH - SSCI",Environmental Science,10.3390/ijerph110404449,Amber,Red,NA,Amber,Amber,Green,Red,Amber,"Web of Science, PubMed",Red,Red,NA,Green,Amber,Red,not reported ,Amber,risk ratio,Amber ,Amber ,I squared,Yes,NA,NA,NA,NA,NA,NA,NA,No,Green
11/17/2022 15:16:30,km,s_019,adami_1995,ORGANOCHLORINE COMPOUNDS AND ESTROGEN-RELATED CANCERS IN WOMEN,1995,Cancer Causes Control ,"ONCOLOGY - SCIE/ PUBLIC, ENVIRONMENTAL & OCCUPATIONAL HEALTH - SCIE",Medicine,10.1007/BF00054165,Amber,Red,NA,Red,Red,Red,Red,Red,not reported,Red,Red,NA,Red,Red,Red,not reported,Amber,"odds ratio, ratio of means",Red,Amber ,Chi square,No,NA,NA,NA,NA,NA,NA,NA,No,Red
11/17/2022 15:50:12,km,s_020,wang_2016,"The classic EDCs, phthalate esters and organochlorines, in relation to abnormal sperm quality: a systematic review with meta-analysis.",2016,Scientific reports,MULTIDISCIPLINARY SCIENCES - SCIE,Multidisciplinary ,10.1038/srep19982,Amber,Red,NA,Amber,Amber,Amber,Red,Amber,"Web of Science, PubMed",Red,Red,NA,Amber,Amber,Red,Stata,Amber,odds ratio,Amber ,Amber ,"I squared, Q statistic",Yes,NA,Publication bias,"Egger's regression test, Begg's test",NA,Forest plot ,NA,NA,No,Red
11/17/2022 16:19:39,km,s_021,pezzoli_2013,Exposure to pesticides or solvents and risk of Parkinson disease.,2013,Neurology,CLINICAL NEUROLOGY - SCIE,Medicine,10.1212/WNL.0b013e318294b3c8,Amber,Red,NA,Green ,Amber,Amber,Red,Red,"PubMed, Embase, CINAHL ",Green,Amber ,Newcastle Ottawa scale ,Amber,Red,Amber,comprehensive meta-analysis software,Amber,odds ratio,Amber ,Amber ,I squared,Yes,NA,Publication bias,NA,"Funnel plot, trim and fill ",NA,PRISMA,No,Yes,Amber 
11/17/2022 16:45:59,km,s_022,santana_2021,Pesticide effects on fish cholinesterase variability and mean activity: A meta-analytic review,2021,Science of The Total Environment,ENVIRONMENTAL SCIENCES - SCIE,Environmental Science,10.1016/j.scitotenv.2020.143829,Green,Red,NA,Green ,Amber,Green,Red,Amber,"Scopus, Web of Science, PubMed",Red,Red,NA,Amber ,Red,Red,R,Amber,"InRR (log response ratio), lnCVR (log coefficient variation ratio)",Green,Amber ,I squared,Yes,NA,Publication bias,Egger's regression test,"Funnel plot, trim and fill ",Forest plot ,PRISMA,No,Yes,Green
11/18/2022 9:26:23,km,s_023,stratakis_2021,Prenatal exposure to persistent organic pollutants and childhood obesity: A systematic review and meta-analysis of human studies.,2021,Obesity reviews,ENDOCRINOLOGY & METABOLISM - SCIE,Medicine,10.1111/obr.13383,Amber,Gold,prospero,Green ,Amber,Amber,Red,Amber,"PubMed, Embase",Gold ,Gold,Newcastle Ottawa scale ,Amber ,Amber,Gold ,Stata,Amber,Beta regression coefficient ,Gold,Amber ,"I squared, Q statistic",Yes,NA,Publication bias,Egger's regression test,"Funnel plot, trim and fill ",Forest plot,PRISMA,Yes,Yes,Amber 
11/18/2022 10:12:17,km,s_024,koureas_2019,"Spatial and temporal distribution of p,p'-DDE (1 dichloro 2,2 bis (p chlorophenyl) ethylene) blood levels across the globe. A systematic review and meta-analysis",2019,Science of The Total Environment,ENVIRONMENTAL SCIENCES - SCIE,Environmental Science,10.1016/j.scitotenv.2019.05.261,Amber,Red,NA,Amber,Amber,Amber,Red,Amber,"Scopus, PubMed",Red,Red,NA,Amber,Red,Gold ,R,Amber,geometric mean,Amber ,Amber ,I squared,Yes,NA,Publication bias,Egger's regression test,Funnel plot,Scatter plot ,NA,NA,Yes,Green
11/18/2022 10:46:32,km,s_025,luo_2016,Exposure to organochlorine pesticides and non-Hodgkin lymphoma: a meta-analysis of observational studies.,2016,Scientific reports,MULTIDISCIPLINARY SCIENCES - SCIE,Multidisciplinary ,10.1038/srep25768,Amber,Red,NA,Amber,Amber,Amber,Red,Amber,"Web of Science, PubMed, Embase",Green,Amber ,Newcastle Ottawa scale ,Amber,Amber,Red,Stata,Amber,odds ratio,Green,Amber ,"I squared,  Q statistic ",Yes,Leave one out analysis ,Publication bias,"Egger's regression test, Begg's test ",Funnel plot,Forest plot ,PRISMA,No,Yes,Amber 
11/25/2022 23:25:26,km,s_026,park_2014,Exposure to Dichlorodiphenyltrichloroethane and the Risk of Breast Cancer: A Systematic Review and Meta-analysis.,2014,Public Health and Research Perspectives ,no category found,Medicine, ,Amber,Red,NA,Red,Amber,Amber,Red,Amber,"PubMed, Embase",Red,Red,NA,Amber,Amber,Gold ,Stata,Amber,odds ratio,Amber ,Amber ,"I squared,  Q statistic ",Yes,NA,Publication bias,Egger's regression test,Funnel plot,Forest plot ,MOOSE,No,Yes,Amber 
11/28/2022 18:15:30,km,s_027,maelefabry_2006,Review and meta-analysis of risk estimates for prostate cancer in pesticide manufacturing workers,2006,Cancer Causes Control,no category found,Medicine,10.1007/s10552-005-0443-y,Amber,Red,NA,Amber,Amber,Green,Red,Red,Medline,Red,Red,NA,Amber ,Amber,Gold ,Stata,Amber,risk ratio,Amber ,Red,NA,Yes,NA,Publication bias,Egger's regression test,Funnel plot,Forest plot ,NA,NA,No,Red
11/28/2022 18:31:14,km,s_028,wen_2019,The risk of endometriosis after exposure to endocrine-disrupting chemicals: a meta-analysis of 30 epidemiology studies,2019,Gynecological Endocrinology,ENDOCRINOLOGY & METABOLISM - SCIE/ OBSTETRICS & GYNECOLOGY - SCIE,Medicine,10.1080/09513590.2019.1590546,Amber,Red,NA,Amber,Amber,Amber,Red,Amber,"Web of Science, PubMed, Embase",Green,Amber ,Newcastle Ottawa scale ,Amber,Red,Red,Stata,Amber,odds ratio,Green,Amber ,"I squared, Q statistic",Yes,Leave one out analysis ,Publication bias,Egger's regression test,Funnel plot,Forest plot ,NA,No,Yes,Amber 
11/28/2022 18:48:51,km,s_029,mosallanejad_2016,Association of hexachlorobenzene in the serum and adipose tissue with type 2 diabetes: a systematic review and meta-analysis and meta-regression,2016,International Journal of Medical Research & Health Sciences,"MEDICINE, RESEARCH & EXPERIMENTAL - ESCI",Medicine,unavailable ,Amber,Red,NA,Red,Red,Red,Red,Amber,"Scopus, PubMed, Embase, Cochrane, Irandoc, SID, Web of Science",Red,Red,NA,Amber ,Amber,Red,comprehensive meta-analysis software,Amber,odds ratio,Amber ,Amber ,"I squared, Tau square",Yes,NA,Publication bias,Begg's test,Funnel plot,Forest plot ,NA,No,Yes,Amber 
11/28/2022 19:10:04,km,s_030,goodier_2016,A meta-analysis synthesizing the effects of pesticides on swim speed and activity of aquatic vertebrates,2016,Science of The Total Environment,ENVIRONMENTAL SCIENCES - SCIE,Environmental Science,10.1016/j.scitotenv.2016.04.205,Amber,Red,NA,Amber,Amber,Amber,Red,Red,"PubMed, ScienceDirect",Red,Red,NA,Red,Red,Red,R,Amber,InRR (log response ratio),Amber ,Amber ,Q statistic,Yes,NA,Publication bias,Fail safe,Funnel plot,Forest plot ,NA,NA,No,Red
11/28/2022 20:47:34,km,s_031,allen_2013,Parkinsons disease and pesticide exposure - A new assessment,2013,Critical reviews in Toxicology ,TOXICOLOGY - SCIE,Toxicology,10.3109/10408444.2013.798719,Amber,Red,NA,Amber,Amber,Amber,Red,Amber,"Embase, CAB Abstract ",Red,Red,NA,Red,Red,Red,Stata,Amber,InRR (log response ratio),Amber ,Amber ,"I squared, Q statistic",Yes,NA,Publication bias,Egger's regression test,Funnel plot,Forest plot ,NA,NA,No,Red
11/28/2022 21:35:59,km,s_032,brown_2006,Pesticides and Parkinson’s Disease—Is There a Link?,2006,Environmental Health Perspectives,"TOXICOLOGY - SCIE/ PUBLIC, ENVIRONMENTAL & OCCUPATIONAL HEALTH - SCIE/ ENVIRONMENTAL SCIENCES - SCIE",Environmental Science,10.1289/ehp.8095,Amber,Red,NA,Red,Amber,Red,Red,Red,"Embase, Medline ",Red,Red,NA,Red,Red,Red,not reported ,Amber,lnOR (log odds ratio),Red,Red,NA,Yes,NA,NA,NA,NA,Forest plot ,NA,NA,No,Red
11/28/2022 22:23:32,km,s_033,ahmed_2017,Parkinson’s disease and pesticides: A meta-analysis of disease connection and genetic alterations,2017,Biomedicine and Pharmacotherapy ,"MEDICINE, RESEARCH & EXPERIMENTAL - SCIE/ PHARMACOLOGY & PHARMACY - SCIE",Medicine,10.1016/j.biopha.2017.03.100,Amber,Red,NA,Green ,Amber,Amber,Red,Amber,Medline,Red,Red,NA,Amber ,Red,Green,Excel,Amber,odds ratio,Amber ,Amber ,Q statistic,No,NA,Publication bias,NA,"Funnel plot, doi plot, trim and fill ",Forest plot ,MOOSE,No,Yes,Green
11/28/2022 22:38:40,km,s_034,wu_2022,"Maternal exposure to endocrine disrupting chemicals (EDCs) and preterm birth: A systematic review, meta-analysis, and meta-regression analysis",2022,Environmental Pollution,ENVIRONMENTAL SCIENCES - SCIE,Environmental Science,10.1016/j.envpol.2021.118264,Green,Gold,prospero,Green ,Amber,Amber,Red,Gold,"PubMed, Embase, Cochrane ",Gold ,Gold,Robins-I,Amber,Amber,Gold ,Stata,Amber,odds ratio,Gold,Amber ,"I squared, Q statistic",Yes,Leave one out analysis ,Publication bias,NA,Funnel plot,Forest plot ,PRISMA,No,Yes,Green
12/07/2022 0:37,km,s_035,evangelou_2016,Exposure to pesticides and diabetes: A systematic review and meta-analysis,2016,Environment International,ENVIRONMENTAL SCIENCES - SCIE,Environmental Science,10.1016/j.envint.2016.02.013,Amber,Red,NA,Green ,Amber,Amber,Red,Red,"Embase, Medline",Red,Red,NA,Amber ,Amber,Red,Stata,Amber,odds ratio,Green,Amber ,I squared,Yes,Subgroup analysis,Publication bias,Egger's regression test,Funnel plot,Forest plot ,NA,NA,Yes,Amber 
12/07/2022 1:00,km,s_036,yipei_2022,Assessing the risk of diabetes in paRTIcipants with DDT DDE exposure- A systematic review and meta-analysis,2022,Environmental Research,"ENVIRONMENTAL SCIENCES - SCIE/ PUBLIC, ENVIRONMENTAL & OCCUPATIONAL HEALTH - SCIE",Environmental Science,10.1016/j.envres.2022.113018,Amber,Red,NA,Green ,Amber,Amber,Red,Amber,"PubMed, Embase, Cochrane",Green,Amber ,NIH quality assessment tool,Amber,Amber,Gold ,R,Amber,odds ratio,Green,Amber ,"I squared, Q statistic, Baujats plot ",Yes,Leave one out analysis ,Publication bias,NA,Funnel plot,Forest plot ,"PRISMA, MOOSE",No,Yes,Amber 
12/07/2022 1:23,km,s_037,chittrakul_2021,Insecticide Exposure and Risk of Asthmatic Symptoms: A Systematic Review and Meta-Analysis,2021,Toxics,ENVIRONMENTAL SCIENCES - SCIE/ TOXICOLOGY - SCIE,Toxicology,10.3390/toxics9090228,Amber,Gold,prospero,Amber,Amber,Amber,Red,Amber,"Scopus, Web of Science, PubMed, Google Scholar ",Gold ,Gold,NIH quality assessment tool,Amber ,Amber,Gold ,Stata,Amber,odds ratio,Amber ,Amber ,I squared,Yes,NA,Publication bias,NA,Funnel plot,Forest plot ,PRISMA,No,Yes,Red
12/07/2022 1:48,km,s_038,lim_2015,Body concentrations of persistent organic pollutants and prostate cancer: a meta-analysis,2015,Environmental Science and Pollution Research,ENVIRONMENTAL SCIENCES - SCIE,Environmental Science,10.1007/s11356-015-4315-z,Amber,Red,NA,Amber,Amber,Amber,Red,Amber,"PubMed, Embase, Koreamed ",Green,Red,Newcastle Ottawa scale ,Amber,Amber,Gold ,Stata,Amber,odds ratio,Amber ,Amber ,Q statistic,Yes,NA,Publication bias,Egger's regression test,Funnel plot,Forest plot ,NA,NA,Yes,Amber 
12/08/2022 1:56,km,s_039,bonde_2016,The epidemiologic evidence linking prenatal and postnatal exposure to endocrine disrupting chemicals with male reproductive disorders: a systematic review and meta-analysis,2016,Human Reproduction Update,REPRODUCTIVE BIOLOGY - SCIE/ OBSTETRICS & GYNECOLOGY - SCIE,Medicine,10.1093/humupd/dmw036,Amber,Gold,prospero,Green ,Amber,Gold,Red,Amber,"PubMed, Embase",Amber ,Red,custom scale ,Red,Amber,Red,R,Amber,odds ratio,Gold,Amber ,I squared,Yes,"Leave one out analysis, Subgroup analysis",Publication bias,NA,Funnel plot,Forest plot ,MOOSE ,No,Yes,Red
12/08/2022 2:29,km,s_040,mendes_2021,"The association between environmental exposures to chlordanes, adiposity and diabetes-related features: a systematic review and meta-analysis.",2021,Scientific reports,MULTIDISCIPLINARY SCIENCES - SCIE,Multidisciplinary ,10.1038/s41598-021-93868-4,Gold,Red,NA,Green ,Amber,Amber,Red,Amber,"Web of Science, PubMed",Green ,Red,STROBE,Amber ,Amber,Gold ,Stata,Amber,odds ratio,Amber ,Amber ,I squared,Yes,NA,"Publication bias, Time-lag bias  ",Egger's regression test,Funnel plot,Forest plot ,PRISMA,No,Yes,Amber 
12/08/2022 2:58,km,s_041,he_2021,Effects of perinatal exposure to endocrine?disrupting chemicals on the reproductive system of F3 generation male rodents: a meta?analysis,2021,Environmental Science and Pollution Research,ENVIRONMENTAL SCIENCES - SCIE,Medicine,10.1007/s11356-021-18338-w,Amber,Red,NA,Green ,Amber,Amber,Red,Amber,"Web of Science, PubMed",Green,Red,STAIR,Amber ,Amber,Gold ,Stata,Amber,risk ratio,Green,Amber ,I squared,Yes,Snip-complement method,Publication bias,"Egger's regression test, Begg's test",Funnel plot,Forest plot ,NA,NA,Yes,Red
12/08/2022 21:04,km,s_042,wang_2021 ,Maternal Exposure to Pesticides and Risk of Autism Spectrum Disorders in Offspring: A Meta?analysis,2021,Journal of Autism and Developmental Disorders,"PSYCHOLOGY, DEVELOPMENTAL - SSCI",Psychology,10.1007/s10803-021-05063-z,Amber,Red,NA,Amber,Amber,Amber,Red,Amber,"Web of Science, PubMed, Embase, psycinfo",Green,Red,Newcastle Ottawa scale ,Amber,Amber,Gold ,Stata,Amber,odds ratio,Green,Amber ,I squared,Yes,Leave one out analysis ,Publication bias,"Egger's regression test, Begg's test",NA,Forest plot ,MOOSE ,No,Yes,Green
12/08/2022 21:30,km,s_043,lewis-mikhael_2015,"Organochlorine pesticides and prostate cancer, Is there an association? A meta-analysis of epidemiological evidence",2015,Cancer Causes Control,no category found,Medicine,10.1007/s10552-015-0643-z,Amber,Red,NA,Amber,Amber,Amber,Red,Amber,"Scopus, Web of Science, PubMed, Medline ",Green ,Green,Newcastle Ottawa scale ,Green,Amber,Green,Stata,Amber,odds ratio,Green,Amber ,I squared,Yes,Leave one out analysis ,NA,NA,NA,Forest plot ,NA,NA,Yes,Amber 
12/12/2022 6:08,km,s_044,amutova_2021,Transfer of persistent organic pollutants in food of animal origin e Meta-analysis of published data,2021,Chemosphere,ENVIRONMENTAL SCIENCES - SCIE,Environmental Science,10.1016/j.chemosphere.2020.128351,Amber,Red,NA,Red,Red,Red,Red,Red,Google Scholar,Red,Red,NA,Red,Amber,Red,XLSTAT,Amber,transfer rate ,Red,Red,NA,No,NA,NA,NA,NA,Table,NA,NA,No,Red
12/15/2022 0:31:30,km,s_045,wu_2013,Persistent organic pollutants and type 2 diabetes: a prospective analysis in the nurses' health study and meta-analysis.,2013,Environmental Health Perspectives,"TOXICOLOGY - SCIE/ PUBLIC, ENVIRONMENTAL & OCCUPATIONAL HEALTH - SCIE/ ENVIRONMENTAL SCIENCES - SCIE",Environmental Science,10.1289/ehp.1205248,Amber,Red,NA,Green ,Amber,Amber,Red,Amber,"PubMed, Embase",Red,Red,NA,Amber,Amber,Gold ,Stata,Amber,odds ratio,Green,Amber ,I squared,Yes,"Subgroup analysis, Use alternative model",NA,NA,NA,Forest plot ,NA,NA,Yes,Green
12/15/2022 0:59:02,km,s_046,kamel_2012 ,Pesticide exposure and amyotrophic lateral sclerosis,2012,NeuroToxicology,PHARMACOLOGY & PHARMACY - SCIE/ TOXICOLOGY - SCIE/ NEUROSCIENCES - SCIE,Toxicology,10.1016/j.neuro.2012.04.001,Amber,Red,NA,Amber,Amber,Red,Red,Red,Medline,Red,Red,NA,Red,Amber,Red,SAS,Amber,odds ratio,Amber ,Red,NA,No,NA,NA,NA,NA,Forest plot ,NA,NA,No,Red
12/15/2022 1:21:21,km,s_047,song_2022,Association of Pentachlorophenol with Fetal Risk of Prolonged Bradycardia: A Systematic Review and Meta-Analysis,2022,Journal of Healthcare Engineering,HEALTH CARE SCIENCES & SERVICES - SCIE,Medicine,10.1155/2022/7552294,Red,Red,NA,Amber,Amber,Amber,Red,Amber,"Embase, Medline, Cochrane, Chinese journal full text database, Chinese biomedical database, Chinese science and technology journal full text database",Green,Amber ,Newcastle Ottawa scale ,Amber,Amber,Gold ,RevMan,Amber,odds ratio,Amber ,Amber ,I squared,Yes,NA,Publication bias,NA,Funnel plot,Forest plot ,NA,NA,Yes,Red
12/16/2022 0:22:22,km,s_048,zheng_2011,Global Trends and Diversity in Pentachlorophenol Levels in the Environment and in Humans: A Meta-Analysis,2011,Environmental Science & Technology,"ENGINEERING, ENVIRONMENTAL - SCIE/ ENVIRONMENTAL SCIENCES - SCIE",Environmental Science,10.1021/es1043563,Amber,Red,NA,Amber,Amber,Amber,Red,Red,"PubMed, Medline, Web of Science, ACS, springer ",Red,Red,NA,Red,Red,Green,Stata,Amber,correlation coefficient   ,Red,Red,NA,No,NA,NA,NA,NA,Scatter plot,NA,NA,No,Amber 
12/16/2022 0:47:53,km,s_049,lewis_mikhael_2016,Occupational exposure to pesticides and prostate cancer: a systematic review and meta-analysis,2016,Occupational and environmental medicine,"PUBLIC, ENVIRONMENTAL & OCCUPATIONAL HEALTH - SCIE",Environmental Science,10.1136/oemed-2014-102692,Amber,Red,NA,Amber,Green,Amber,Red,Amber,"Scopus, Web of Science, PubMed",Green,Red,Newcastle Ottawa scale ,Amber,Amber,Green,Stata,Amber,lnOR (log odds ratio),Green,Amber ,I squared,Yes,Subgroup analysis,Publication bias,,Funnel plot,Forest plot ,NA,NA,Yes,Amber 
12/16/2022 1:11:59,km,s_050,yang_2020,Metabolomics study and meta-analysis on the association between maternal pesticide exposome and birth outcomes,2020,Environmental Research,"ENVIRONMENTAL SCIENCES - SCIE/ PUBLIC, ENVIRONMENTAL & OCCUPATIONAL HEALTH - SCIE",Environmental Science,10.1016/j.envres.2019.109087,Amber,Red,NA,Green ,Amber,Amber,Amber,Red,"Web of Science, PubMed, Embase, Cochrane",Green,Amber ,Newcastle Ottawa scale ,Amber,Red,Green,R,Amber,Beta regression coefficient,Green,Amber ,I squared,Yes,Leave one out analysis ,Publication bias,"Egger's regression test, Begg's test",Funnel plot,Forest plot ,PRISMA ,No,No,Amber 
12/16/2022 1:37:02,km,s_051,zendehdel_2014,Chronic Exposure to Chlorophenol Related Compounds in the Pesticide Production Workplace and Lung Cancer: A MetaAnalysis,2014,Asian Pacific Journal of Cancer Prevention,no category found,Medicine,10.7314/APJCP.2014.15.13.5149,Amber,Red,NA,Amber,Amber,Red,Red,Amber,"Scopus, Web of Science, PubMed, Google Scholar ",Green ,Amber ,STROBE,Red,Red,Gold ,Stata,Amber,standardized mortality rate,Amber ,Amber ,"I squared, Q statistic",Yes,NA,Publication bias,NA,Funnel plot,Forest plot ,NA,NA,Yes,Red
12/16/2022 3:05:44,km,s_052,liu_2022,The associations between endocrine disrupting chemicals and markers of inflammation and immune responses: A systematic review and meta-analysis,2022,Ecotoxicology and Environmental Safety,TOXICOLOGY - SCIE/ ENVIRONMENTAL SCIENCES - SCIE,Toxicology,10.1016/j.ecoenv.2022.113382,Amber,Gold,prospero,Amber,Amber,Amber,Red,Amber,"Web of Science, PubMed, Embase",Red,Red,NA,Amber,Amber,Gold ,comprehensive meta-analysis software,Amber,correlation coefficient ,Amber ,Amber ,"I squared, Q statistic",Yes,NA,Publication bias,"Egger's regression test, Begg's test","Funnel plot, trim and fill ",Forest plot ,PRISMA,No,Yes,Amber 
12/16/2022 3:33:56,km,s_053,canosancho_2019,Human epidemiological evidence about the associations between exposure to organochlorine chemicals and endometriosis: Systematic review and meta-analysis,2019,Environment International,ENVIRONMENTAL SCIENCES - SCIE,Environmental Science,10.1016/j.envint.2018.11.065,Gold,Gold,prospero,Green ,Amber,Gold,Red,Amber,"Web of Science, PubMed",Gold ,Green,NTP/OHAT,Gold,Amber,Red,R,Amber,lnOR (log odds ratio),Gold,Amber ,"I squared, Tau square",Yes,Leave one out analysis ,Publication bias,Egger's regression test,"Funnel plot, trim and fill",Forest plot ,"MOOSE, PRISMA",No,Yes,Green
12/16/2022 22:37:23,km,s_054,canosancho_2017,"Association between Exposure to p,p0-DDT and Its Metabolite p,p0-DDE with Obesity: Integrated Systematic Review and Meta-Analysis",2017,Environmental Health Perspectives,"TOXICOLOGY - SCIE/ PUBLIC, ENVIRONMENTAL & OCCUPATIONAL HEALTH - SCIE/ ENVIRONMENTAL SCIENCES - SCIE",Environmental Science,10.1289/EHP527,Gold,Red,NA,Green ,Amber,Gold,Red,Amber,"Scopus, Embase, Medline ",Green,Red,NTP/OHAT,Green,Amber,Green,Stata,Amber,Beta regression coefficient,Amber ,Amber ,I squared,Yes,NA,Publication bias,"Egger's regression test, Begg's test",Funnel plot,Forest plot ,"GRADE guideline, NTP/OHAT guideline",No,No,Green
12/16/2022 23:14:50,km,s_055,song_2016,"Endocrine-disrupting chemicals, risk of type 2 diabetes, and diabetes-related metabolic traits: A systematic review and meta-analysis",2016,Journal of Diabetes,ENDOCRINOLOGY & METABOLISM - SCIE,Medicine,10.1111/1753-0407.12325,Amber,Gold,prospero,Green ,Amber,Amber,Red,Amber,Medline,Red,Red,NA,Amber,Amber,Gold ,Stata,Amber,risk ratio,Amber ,Amber ,"I squared, Q statistic",Yes,NA,Publication bias,Egger's regression test,"Funnel plot, trim and fill",Forest plot ,NA,na,Yes,Amber 
12/17/2022 0:05:03,km,s_056,lamat_2022,Metabolic syndrome and pesticides: A systematic review and meta-analysis.,2022,Environmental Pollution,ENVIRONMENTAL SCIENCES - SCIE,Environmental Science,10.1016/j.envpol.2022.119288,Amber,Red,NA,Green ,Amber,Amber,Red,Amber,"PubMed, ScienceDirect, Embase, Cochrane",Green,Red,Newcastle Ottawa scale ,Amber,Amber,Red,Stata,Amber,odds ratio,Green,Amber ,I squared,Yes,Use alternative model,Publication bias,NA,Funnel plot,Forest plot ,PRISMA,No,Yes,Amber 
12/17/2022 0:26:36,km,s_057,perotta_2008,Multiple myeloma and farming. A systematic review of 30 years of research. Where next?,2008,Journal of Occupational Medicine and Toxicology,"PUBLIC, ENVIRONMENTAL & OCCUPATIONAL HEALTH - SCIE",Environmental Science,10.1186/1745-6673-3-27,Amber,Red,NA,Green ,Amber,Red,Red,Red,"PubMed, Cochrane",Red,Red,NA,Red,Red,Red,Stata,Amber,odds ratio,Amber ,Amber ,Q statistic,Yes,NA,Publication bias,NA,Funnel plot ,Forest plot ,NA,NA,No,Amber 
12/17/2022 0:46:25,km,s_058,maelefabry_2012,Occupational exposure to pesticides and Parkinson's disease: A systematic review and meta-analysis of cohort studies,2012,Environment International,ENVIRONMENTAL SCIENCES - SCIE,Environmental Science,10.1016/j.envint.2012.05.004,Amber,Red,NA,Amber,Amber,Amber,Red,Amber,Medline,Red,Red,NA,Amber ,Amber,Red,not reported,Amber,response ratio,Green,Amber ,"I squared, Q statistic",Yes,Leave one out analysis ,Publication bias,Egger's regression test,Funnel plot,Forest plot ,NA,NA,Yes,Red
12/17/2022 0:55:20,km,s_059,jin_2014,"Pesticide Exposure as a Risk Factor for Myelodysplastic Syndromes: A Meta-Analysis Based on 1,942 Cases and 5,359 Controls",2014,PLoS one,MULTIDISCIPLINARY SCIENCES - SCIE,Multidisciplinary ,10.1371/journal.pone.0110850,Amber,Red,NA,Amber,Amber,Amber,Red,Amber,"Web of Science, PubMed, Cochrane",Green,Red,Newcastle Ottawa scale ,Amber ,Amber,Red,Stata,Amber,odds ratio,Green,Amber ,"I squared, Galbraith plot",Yes,Leave one out analysis ,Publication bias,"Egger's regression test, Begg's test",Funnel plot,Forest plot ,NA,NA,Yes,Amber 
12/19/2022 23:59:37,km,s_060,chu_2010,Wilms' tumour: A systematic review of risk factors and meta-analysis,2010,Pediatric and Perinatal Epidemiology ,"PUBLIC, ENVIRONMENTAL & OCCUPATIONAL HEALTH - SCIE",Environmental Science,10.1111/j.1365-3016.2010.01133.x,Amber,Red,NA,Amber,Green,Amber,Red,Amber,"Web of Science, Medline, Latin American and Carribean system on health sciences information, Dissertation abstracts ",Red,Red,NA,Amber ,Amber,Red,comprehensive meta-analysis software,Amber,odds ratio,Green,Amber ,I squared,Yes,Leave one out analysis ,Publication bias,Egger's regression test,NA,Forest plot ,NA,NA,No,Green
12/20/2022 0:18:39,km,s_061,moore_2011,Paternal occupational exposure to pesticides and risk of neuroblastoma among children: a meta-analysis,2011,Cancer Causes Control,no category found,Medicine,10.1007/s10552-011-9829-1,Amber,Red,NA,Amber,Amber,Amber,Red,Amber,"PubMed, Embase",Red,Red,NA,Amber ,Amber,Red,Stata,Amber,response ratio,Green,Amber ,I squared,Yes,Leave one out analysis ,Publication bias,"Egger's regression test, Begg's test",Funnel plot,Forest plot ,NA,NA,Yes,Red
12/20/2022 0:51:43,km,s_062,turner_2010,Residential Pesticides and Childhood Leukemia: A Systematic Review and Meta-Analysis,2010,Environmental Health Perspectives,"TOXICOLOGY - SCIE/ PUBLIC, ENVIRONMENTAL & OCCUPATIONAL HEALTH - SCIE/ ENVIRONMENTAL SCIENCES - SCIE",Environmental Science,10.1289/ehp.0900966,Amber,Red,NA,Amber,Green,Green,Red,Amber,"Embase, Medline, Toxnet, Proquest ",Green,Gold,Downs and Black  ,Red,Amber,Gold ,RevMan,Amber,odds ratio,Green,Amber ,I squared,Yes,Leave one out analysis,Publication bias,NA,Funnel plot,Forest plot ,custom reporting guide ,No,Yes,Amber 
12/20/2022 1:18:14,km,s_063,karalexi_2021,Exposure to pesticides and childhood leukemia risk: A systematic review and meta-analysis,2021,Environmental Pollution,ENVIRONMENTAL SCIENCES - SCIE,Environmental Science,10.1016/j.envpol.2021.117376,Amber,Red,NA,Amber,Amber,Amber,Red,Gold,"Embase, Medline ",Green,Red,RTI item bank,Amber ,Green ,Red,Stata,Amber,odds ratio,Amber ,Amber ,I squared,Yes,NA,Publication bias,Egger's regression test,Funnel plot,Forest plot ,PRISMA ,Yes,Yes,Amber 
12/20/2022 1:31:52,km,s_064,maelefabry_2013,Parental occupational exposure to pesticides as risk factor for brain tumors in children and young adults: A systematic review and meta-analysis,2013,Environment International,ENVIRONMENTAL SCIENCES - SCIE,Environmental Science,10.1016/j.envint.2013.02.011,Amber,Red,NA,Amber,Amber,Amber,Red,Red,Medline ,Red,Red,NA,Amber,Amber,Gold ,not reported,Amber,"odds ratio, response ratio",Green,Amber ,"I squared, Tau square",Yes,"Leave one out analysis, Use alternative model",Publication bias,Egger's regression test,Funnel plot,NA,NA,NA,No,Red
12/20/2022 1:50:35,km,s_065,yan_2016,Pesticide exposure and risk of Alzheimer’s disease: a systematic review and meta-analysis,2016,Scientific Reports,MULTIDISCIPLINARY SCIENCES - SCIE,Multidisciplinary ,10.1038/srep32222,Amber,Red,NA,Amber,Amber,Amber,Red,Amber,"Web of Science, PubMed, Embase",Green,Gold,Newcastle Ottawa scale ,Amber,Amber,Green,Stata,Amber,odds ratio,Green,Amber ,"I squared, Q statistic",Yes,"Leave one out analysis, Use alternative model, Subgroup analysis",Publication bias,"Egger's regression test,  Begg's test",Funnel plot,Forest plot ,PRISMA,No,Yes,Amber 
12/21/2022 2:32:42,km,s_066,maelefabry_2019,Household exposure to pesticides and risk of leukemia in children and adolescents: Updated systematic review and meta-analysis,2019,International Journal of Hygiene and Environmental Health,"INFECTIOUS DISEASES - SCIE/ PUBLIC, ENVIRONMENTAL & OCCUPATIONAL HEALTH - SCIE",Environmental Science,10.1016/j.ijheh.2018.08.004,Amber,Red,NA,Amber,Amber,Amber,Red,Amber,"PubMed, Medline ",Green,Amber ,Downs and Black  ,Amber ,Amber,Gold ,"Excel, R ",Amber,odds ratio,Green,Amber ,"I squared, Q statistic",Yes,"Leave one out analysis, Use alternative model",Publication bias,Egger's regression test,Funnel plot,Forest plot ,"PRISMA, PRISMA-P",No,Yes,Amber 
12/21/2022 2:40:19,km,s_067,yan_2018,Pesticide exposure and risk of Parkinson's disease: Dose-response metaanalysis of observational studies,2018,Regulatory Toxicology and Pharmacology,PHARMACOLOGY & PHARMACY - SCIE/ MEDICINE / LEGAL - SCIE/ TOXICOLOGY - SCIE,Toxicology,10.1016/j.yrtph.2018.05.005,Amber,Red,NA,Amber,Amber,Amber,Red,Amber,"Web of Science, PubMed",Green,Amber ,Newcastle Ottawa scale ,Amber,Amber,Gold ,Stata,Amber,odds ratio,Green,Amber ,I squared,Yes,Leave one out analysis,Publication bias,"Egger's regression test, Begg's test",Funnel plot,Forest plot ,PRISMA ,Yes,Yes,Amber 
12/21/2022 2:48:08,km,s_068,wigle_2009,A Systematic Review and Meta-analysis of Childhood Leukemia and Parental Occupational Pesticide Exposure,2009,Environmental Health Perspectives,"TOXICOLOGY - SCIE/ PUBLIC, ENVIRONMENTAL & OCCUPATIONAL HEALTH - SCIE/ ENVIRONMENTAL SCIENCES - SCIE",Environmental Science,10.1289/ehp.0900582,Amber,Red,NA,Amber,Green,Green,Red,Amber,"Embase, Medline, Toxnet, Proquest ",Green,Gold,Downs and Black  ,Amber,Amber,Gold ,comprehensive meta-analysis software,Amber,odds ratio,Amber ,Amber ,Q statistic,Yes,NA,Publication bias,"Begg's test, Kendall's tau statistic ",NA,Forest plot ,custom reporting guide ,No,Yes,Red
12/21/2022 2:59:35,km,s_069,wei_2018,No association between pesticide exposure and pancreatic cancer risk: a meta-analysis,2018,International Journal of Clinical and Experimental Medicine,"INFECTIOUS DISEASES - SCIE/ PUBLIC, ENVIRONMENTAL & OCCUPATIONAL HEALTH - SCIE",Medicine,not reported ,Amber,Red,NA,Amber,Amber,Amber,Red,Amber,"PubMed, Embase",Green,Red,Newcastle Ottawa scale ,Amber,Amber,Gold ,Stata,Amber,odds ratio,Amber ,Amber ,"I squared, Galbraith plot, Q statistic",Yes,NA,Publication bias,Egger's regression test,"Funnel plot, trim and fill ",Forest plot ,PRISMA ,No,Yes,Amber 
12/21/2022 3:13:19,km,s_070,maelefabry_2010,Childhood leukaemia and parental occupational exposure to pesticides: a systematic review and meta-analysis,2010,Cancer Causes Control,no category found,Medicine,10.1007/s10552-010-9516-7,Amber,Red,NA,Amber,Amber,Amber,Red,Amber,Medline ,Red,Red,NA,Green,Green ,Gold ,not reported ,Amber,odds ratio,Green,Amber ,I squared,Yes,"Leave one out analysis, Use alternative model",Publication bias,Egger's regression test,Funnel plot ,Forest plot ,NA,NA,Yes,Red
12/22/2022 22:36:08,km,s_071,vinson_2011,Exposure to pesticides and risk of childhood cancer: A meta-analysis of recent epidemiological studies,2011,Occupational and Environmental Medicine,"PUBLIC, ENVIRONMENTAL & OCCUPATIONAL HEALTH - SCIE",Environmental Science,10.1136/oemed-2011-100082,Amber,Red,NA,Amber,Amber,Green,Red,Red,PubMed,Red,Red,NA,Red,Amber,Green,Stata,Amber,odds ratio,Amber ,Amber ,Q statistic,Yes,NA,Publication bias,Egger's regression test,Funnel plot,Forest plot ,NA,NA,No,Amber 
12/22/2022 23:01:46,km,s_072,spinder_2019,Congenital anomalies in the offspring of occupationally exposed mothers: a systematic review and meta-analysis of studies using expert assessment for occupational exposures,2019,Human Reproduction,OBSTETRICS & GYNECOLOGY - SCIE/ REPRODUCTIVE BIOLOGY - SCIE,Medicine,10.1093/humrep/dez033,Amber,Gold,prospero,Green ,Amber,Amber,Red,Amber,"Embase, Medline ",Gold ,Gold,Newcastle Ottawa scale ,Amber,Amber,Green,comprehensive meta-analysis software,Amber,odds ratio,Amber ,Amber ,I squared,Yes,NA,Publication bias,Egger's regression test,Funnel plot,Forest plot ,"PRISMA, Cochrane guideline ",No,Yes,Green
12/23/2022 0:36:19,km,s_073,maelefabry_2017,,2017,Environment International,ENVIRONMENTAL SCIENCES - SCIE,Environmental Science,10.1016/j.envint.2017.05.018,Amber,Red,NA,Amber,Amber,Amber,Red,Amber,Medline ,Green,Amber ,Downs and Black  ,Amber,Amber,Gold ,"Excel, R ",Amber,odds ratio,Green,Amber ,"I squared, Q statistic",Yes,"Leave one out analysis, Use alternative model",Publication bias,Egger's regression test,Funnel plot,Forest plot ,"PRISMA, PRISMA-P",No,Yes,Amber 
12/23/2022 0:52:26,km,s_074,wang_2017 ,Identification of risk factors associated with onset and progression of amyotrophic lateral sclerosis using systematic review and meta-analysis,2017,NeuroToxicology,PHARMACOLOGY & PHARMACY - SCIE/ TOXICOLOGY - SCIE/ NEUROSCIENCES - SCIE,Environmental Science,10.1016/j.neuro.2016.06.015,Amber,Red,NA,Amber,Amber,Amber,Red,Red,"PubMed, Embase, CINAHL, Hugenet, Toxline, psycinfo, Google Scholar",Red,Red,NA,Red,Amber,Amber,RevMan,Amber,odds ratio,Amber ,Amber ,"I squared, Chi square, Tau square",Yes,NA,Publication bias,"Egger's regression test, Begg's test",NA,Forest plot ,NA,NA,No,Red
12/23/2022 1:05:32,km,s_075,chen_2015,Residential Exposure to Pesticide During Childhood and Childhood Cancers: A Meta-Analysis,2015,Pediatrics,PEDIATRICS - SCIE,Medicine,10.1542/peds.2015-0006,Amber,Red,NA,Green ,Amber,Amber,Red,Amber,PubMed,Red,Red,NA,Red,Amber,Green,comprehensive meta-analysis software,Amber,odds ratio,Green,Amber ,"I squared, Q statistic",Yes,Leave one out analysis,Publication bias,Egger's regression test,Funnel plot,Forest plot ,MOOSE,No,Yes,Amber 
12/23/2022 2:07:46,km,s_076,maelefabry_2008,Risk of leukaemia among pesticide manufacturing workers: A review and meta-analysis of cohort studies,2008,Environmental Research ,"ENVIRONMENTAL SCIENCES - SCIE/ PUBLIC, ENVIRONMENTAL & OCCUPATIONAL HEALTH - SCIE",Environmental Science,10.1016/j.envres.2007.09.002,Amber,Red,NA,Green ,Amber,Amber,Red,Amber,Medline,Red,Red,NA,Amber,Amber,Gold ,not reported ,Amber,risk ratio,Green,Amber ,I squared,Yes,Leave one out analysis,Publication bias,Egger's regression test,Funnel plot,Forest plot ,NA ,NA,No,Red
12/23/2022 2:22:48,km,s_077,krstev_2019,Occupational Risk Factors for Prostate Cancer: A Meta-analysis,2019,Journal of Cancer Prevention ,ONCOLOGY - ESCI,Medicine,10.15430/JCP.2019.24.2.91,Amber,Red,NA,Amber,Amber,Amber,Red,Red,"Scopus, Medline",Red,Red,NA,Amber,Amber,Red,Stata,Amber,response ratio,Red,Amber ,"I squared, Q statistic",Yes,NA,NA,NA,NA,NA,NA,NA,No,Red
01/03/2023 11:49,km,s_078,vandermark_2012,Is Pesticide Use Related to Parkinson Disease? Some Clues to Heterogeneity in Study Results,2012,Environmental Health Perspectives,"TOXICOLOGY - SCIE/ PUBLIC, ENVIRONMENTAL & OCCUPATIONAL HEALTH - SCIE/ ENVIRONMENTAL SCIENCES - SCIE",Environmental Science,10.1289/ehp.1103881,Amber,Red,NA,Amber,Amber,Amber,Red,Red,"Embase, Medline",Red,Red,NA,Amber,Amber,Gold ,Stata,Amber,response ratio,Amber ,Amber ,"I squared, Q statistic",Yes,NA,Publication bias,Egger's regression test,Funnel plot,Forest plot ,NA,NA,No,Red
,km,s_079,iszatt_2015,Prenatal and Postnatal Exposure to Persistent Organic Pollutants and Infant Growth: A Pooled Analysis of Seven European Birth Cohorts.,2015,Environmental Health Perspectives,"TOXICOLOGY - SCIE/ PUBLIC, ENVIRONMENTAL & OCCUPATIONAL HEALTH - SCIE/ ENVIRONMENTAL SCIENCES - SCIE",Environmental Science,10.1289/ehp.1308005,NA,NA,NA,NA,NA,NA,NA,NA,NA,NA,NA,NA,NA,NA,NA,NA,NA,NA,NA,NA,NA,NA,NA,NA,NA,NA,NA,NA,NA,NA,NA
,km,s_080,govarts_2012,Birth weight and prenatal exposure to polychlorited biphenyls (PCBs) and dichlorodiphenyldichloroethylene (DDE): a meta-analysis within 12 European Birth Cohorts.,2012,Environmental Health Perspectives,"TOXICOLOGY - SCIE/ PUBLIC, ENVIRONMENTAL & OCCUPATIONAL HEALTH - SCIE/ ENVIRONMENTAL SCIENCES - SCIE",Environmental Science,10.1289/ehp.1103767,NA,NA,NA,NA,NA,NA,NA,NA,NA,NA,NA,NA,NA,NA,NA,NA,NA,NA,NA,NA,NA,NA,NA,NA,NA,NA,NA,NA,NA,NA,NA
,km,s_081,leon_2019,"Pesticide use and risk of non-Hodgkin lymphoid malignancies in agricultural cohorts from France, Norway and the USA: a pooled analysis from the AGRICOH consoRTIum.",2019,International Journal of Epidemiology ,"PUBLIC, ENVIRONMENTAL & OCCUPATIONAL HEALTH - SCIE",Environmental Science,10.1093/ije/dyz017,NA,NA,NA,NA,NA,NA,NA,NA,NA,NA,NA,NA,NA,NA,NA,NA,NA,NA,NA,NA,NA,NA,NA,NA,NA,NA,NA,NA,NA,NA,NA
1/13/2023 12:49:29,km,s_082,ribeiro_2020,Exposure to endocrine-disrupting chemicals and anthropometric measures of obesity: a systematic review and meta-analysis.,2020,BMJ open,"MEDICINE, GENERAL & INTERNAL - SCIE",Medicine,10.1136/bmjopen-2019-033509,Amber,Gold,prospero,Amber,Amber,Gold,Red,Amber,"Scopus, Web of Science, PubMed",Gold ,Gold,Newcastle Ottawa scale ,Red,Amber,Gold ,Stata,Amber,odds ratio,Amber ,Amber ,"I squared, Chi square, Tau square",Yes,NA,NA,NA,NA,NA,PRISMA,No,Yes,Amber 
,km,s_083,fernandes_2020,Distribution of pesticides in agricultural and urban soils of Brazil: a critical review.,2020,Environmental science: Processes & Impacts,no category found,Environmental Science,10.1039/c9em00433e,NA,NA,NA,NA,NA,NA,NA,NA,NA,NA,NA,NA,NA,NA,NA,NA,NA,NA,NA,NA,NA,NA,NA,NA,NA,NA,NA,NA,NA,NA,NA
,km,s_084,wang_2014,The difference between temperate and tropical saltwater species' acute sensitivity to chemicals is relatively small.,2014,Chemosphere,ENVIRONMENTAL SCIENCES - SCIE,Environmental Science,10.1016/j.chemosphere.2013.10.066,NA,NA,NA,NA,NA,NA,NA,NA,NA,NA,NA,NA,NA,NA,NA,NA,NA,NA,NA,NA,NA,NA,NA,NA,NA,NA,NA,NA,NA,NA,NA
1/13/2023 14:14:18,km,s_085,munoz_2020,Maternal Transfer of Persistent Organic Pollutants to Sea Turtle Eggs: A Meta-Analysis Addressing Knowledge and Data Gaps Toward an Improved Synthesis of Research Outputs.,2020,Environmental Toxicology and Chemistry,ENVIRONMENTAL SCIENCES - SCIE/ TOXICOLOGY - SCIE,Environmental Science,10.1002/etc.4585,Amber,Red,NA,Amber,Amber,Amber,Red,Amber,"Scopus, Web of Science",Red,Red,NA,Red,Amber,Red,not reported ,Amber,maternal transfer ratio ,Red,Red,NA,No,NA,NA,NA,NA,Scatter plot,NA,NA,Yes,Red
,km,s_086,kachuri_2020,Insecticide use and risk of non-Hodgkin lymphoma subtypes: A subset meta-analysis of the North American Pooled Project.,2020,International Journal of Cancer ,ONCOLOGY - SCIE,Medicine,10.1002/ijc.33164,NA,NA,NA,NA,NA,NA,NA,NA,NA,NA,NA,NA,NA,NA,NA,NA,NA,NA,NA,NA,NA,NA,NA,NA,NA,NA,NA,NA,NA,NA,NA
,km,s_087,meng_2016,Organic Contaminants in Chinese Sewage Sludge: A meta-analysis of the Literature of the Past 30 Years.,2016,Environmental Science & Technology,"ENGINEERING, ENVIRONMENTAL - SCIE/ ENVIRONMENTAL SCIENCES - SCIE",Environmental Science,10.1021/acs.est.5b05583,NA,NA,NA,NA,NA,NA,NA,NA,NA,NA,NA,NA,NA,NA,NA,NA,NA,NA,NA,NA,NA,NA,NA,NA,NA,NA,NA,NA,NA,NA,NA
,km,s_088,espinosa_2016,Organochlorine Compounds and Ultrasound Measurements of Fetal Growth in the INMA Cohort (Spain).,2016,Environmental Health Perspectives,"TOXICOLOGY - SCIE/ PUBLIC, ENVIRONMENTAL & OCCUPATIONAL HEALTH - SCIE/ ENVIRONMENTAL SCIENCES - SCIE",Environmental Science,10.1289/ehp.1408907,NA,NA,NA,NA,NA,NA,NA,NA,NA,NA,NA,NA,NA,NA,NA,NA,NA,NA,NA,NA,NA,NA,NA,NA,NA,NA,NA,NA,NA,NA,NA
,km,s_089,suprun_2015,Prenatal exposure to environmental chemical contaminants and asthma and eczema in school-age children.,2015,Allergy,ALLERGY - SCIE/ IMMUNOLOGY - SCIE,Medicine,10.1111/all.12605,NA,NA,NA,NA,NA,NA,NA,NA,NA,NA,NA,NA,NA,NA,NA,NA,NA,NA,NA,NA,NA,NA,NA,NA,NA,NA,NA,NA,NA,NA,NA
,km,s_090,lau_2014,Is an assessment factor of 10 appropriate to account for the variation in chemical toxicity to freshwater ectotherms under different thermal conditions?,2014,Environmental Science and Pollution Research,ENVIRONMENTAL SCIENCES - SCIE,Environmental Science,10.1007/s11356-013-1708-8,NA,NA,NA,NA,NA,NA,NA,NA,NA,NA,NA,NA,NA,NA,NA,NA,NA,NA,NA,NA,NA,NA,NA,NA,NA,NA,NA,NA,NA,NA,NA
1/16/2023 9:42:20,km,s_091,henley_2012,"Relationships between exposure to polyhalogenated aromatic hydrocarbons and organochlorine pesticides and the risk for developing type 2 diabetes: a systematic review and a meta-analysis of exposures to 2,3,7,8-tetrachlorodibenzo-p-dioxin (TCDD)",2012,Toxicological & Environmental Chemistry ,ENVIRONMENTAL SCIENCES - SCIE/ TOXICOLOGY - SCIE,Toxicology,10.1080/02772248.2012.680276,Amber,Red,NA,Red,Amber,Amber,Red,Red,"Scopus, Embase, Google Scholar, Medline",Green ,Red,MINORS ,Amber,Amber,Red,RevMan,Amber,odds ratio,Red,Amber ,I squared,Yes,NA,NA,NA,NA,NA,MOOSE ,No,No,Red
1/16/2023 9:55:34,km,s_092,ojajarvi_2000,Occupational exposures and pancreatic cancer: a meta-analysis.,2000,Occupational and Environmental Medicine,"PUBLIC, ENVIRONMENTAL & OCCUPATIONAL HEALTH - SCIE",Environmental Science,10.1136/oem.57.5.316,Amber,Red,NA,Amber,Amber,Amber,Red,Red,"Medline, Toxline, Cancerlit",Red,Red,NA,Amber,Amber,Green,Stata,Amber,response ratio,Amber ,Red,NA,Yes,NA,Publication bias,NA,Funnel plot,NA,NA,NA,No,Red
1/16/2023 10:05:28,km,s_093,zheng_2015,Occupational exposure to pentachlorophenol causing lymphoma and hematopoietic malignancy for two generations.,2015,Toxicology and Industrial Health,"PUBLIC, ENVIRONMENTAL & OCCUPATIONAL HEALTH - SCIE",Environmental Science,10.1177/0748233712472520,Amber,Red,NA,Amber,Amber,Amber,Red,Amber,Medline,Red,Red,NA,Amber,Amber,Green,Stata,Amber,odds ratio,Amber ,Red,NA,Yes,NA,Publication bias,NA,Funnel plot,Forest plot ,NA,NA,Yes,Red
,km,s_094,ma_2020,Review of hexachlorocyclohexane (HCH) and dichlorodiphenyltrichloroethane (DDT) contamination in Chinese soils.,2020,Science of The Total Environment,ENVIRONMENTAL SCIENCES - SCIE,Environmental Science,10.1016/j.scitotenv.2020.141212,NA,NA,NA,NA,NA,NA,NA,NA,NA,NA,NA,NA,NA,NA,NA,NA,NA,NA,NA,NA,NA,NA,NA,NA,NA,NA,NA,NA,NA,NA,NA
,km,s_095,riget_2010,"Temporal trends of legacy POPs in Arctic biota, an update.",2010,Science of The Total Environment,ENVIRONMENTAL SCIENCES - SCIE,Environmental Science,10.1016/j.scitotenv.2009.07.036,NA,NA,NA,NA,NA,NA,NA,NA,NA,NA,NA,NA,NA,NA,NA,NA,NA,NA,NA,NA,NA,NA,NA,NA,NA,NA,NA,NA,NA,NA,NA
,km,s_096,riget_2004,Levels and spatial and temporal trends of contaminants in Greenland biota: an updated review.,2004,Science of The Total Environment,ENVIRONMENTAL SCIENCES - SCIE,Environmental Science,10.1016/j.scitotenv.2004.03.022,NA,NA,NA,NA,NA,NA,NA,NA,NA,NA,NA,NA,NA,NA,NA,NA,NA,NA,NA,NA,NA,NA,NA,NA,NA,NA,NA,NA,NA,NA,NA
,km,s_097,sharma_2014,Environment and human exposure to persistent organic pollutants (POPs) in India: a systematic review of recent and historical data.,2014,Environment international,ENVIRONMENTAL SCIENCES - SCIE,Environmental Science,10.1016/j.envint.2014.01.022,NA,NA,NA,NA,NA,NA,NA,NA,NA,NA,NA,NA,NA,NA,NA,NA,NA,NA,NA,NA,NA,NA,NA,NA,NA,NA,NA,NA,NA,NA,NA
,km,s_098,casas_2014,"Prenatal exposure to PCB-153, p,p'-DDE and birth outcomes in 9000 mother-child pairs: exposure-response relationship and effect modifiers.",2015,Environment international,ENVIRONMENTAL SCIENCES - SCIE,Environmental Science,10.1016/j.envint.2014.09.013,NA,NA,NA,NA,NA,NA,NA,NA,NA,NA,NA,NA,NA,NA,NA,NA,NA,NA,NA,NA,NA,NA,NA,NA,NA,NA,NA,NA,NA,NA,NA
,km,s_099,sabzevari_2022,A worldwide review of currently used pesticides' monitoring in agricultural soils,2022,Science of The Total Environment,ENVIRONMENTAL SCIENCES - SCIE,Environmental Science,10.1016/j.scitotenv.2021.152344,NA,NA,NA,NA,NA,NA,NA,NA,NA,NA,NA,NA,NA,NA,NA,NA,NA,NA,NA,NA,NA,NA,NA,NA,NA,NA,NA,NA,NA,NA,NA
,km,s_100,wolfram_2018,Meta-Analysis of Insecticides in United States Surface Waters: Status and Future Implications.,2018,Environmental Science & Technology,"ENGINEERING, ENVIRONMENTAL - SCIE/ ENVIRONMENTAL SCIENCES - SCIE",Environmental Science,10.1021/acs.est.8b04651,NA,NA,NA,NA,NA,NA,NA,NA,NA,NA,NA,NA,NA,NA,NA,NA,NA,NA,NA,NA,NA,NA,NA,NA,NA,NA,NA,NA,NA,NA,NA
1/16/2023 10:19:26,km,s_101,munoz_2021,Internal and Maternal Distribution of Persistent Organic Pollutants in Sea Turtle Tissues: A Meta-Analysis.,2021,Environmental Science & Technology,"ENGINEERING, ENVIRONMENTAL - SCIE/ ENVIRONMENTAL SCIENCES - SCIE",Environmental Science,10.1021/acs.est.1c02845,Amber,Red,NA,Amber,Amber,Red,Red,Red,"Scopus, Web of Science",Red,Red,NA,Red,Red,Red,not reported ,Amber,lnPR (log partitioning ratio),Red,Red,NA,No,NA,NA,NA,NA,Box plot ,NA,NA,No,Red
,km,s_102,gascon_2014,Prenatal exposure to DDE and PCB 153 and respiratory health in early childhood: a meta-analysis.,2014,Epidemiology,"PUBLIC, ENVIRONMENTAL & OCCUPATIONAL HEALTH - SSCI/ PUBLIC, ENVIRONMENTAL & OCCUPATIONAL HEALTH - SCIE",Environmental Science,10.1097/EDE.0000000000000097,NA,NA,NA,NA,NA,NA,NA,NA,NA,NA,NA,NA,NA,NA,NA,NA,NA,NA,NA,NA,NA,NA,NA,NA,NA,NA,NA,NA,NA,NA,NA
1/16/2023 10:34:52,km,s_103,mota_2022,Allium cepa test vs. insecticides: a scientometric and meta-analytical review,2022,Environmental Science and Pollution Research,ENVIRONMENTAL SCIENCES - SCIE,Environmental Science,10.1007/s11356-021-15953-5,Amber,Red,NA,Amber,Amber,Amber,Red,Amber,"Scopus, Web of Science",Red,Red,NA,Red,Red,Red,R,Amber,SMD (standardized mean difference),Amber ,Amber ,"I squared, Q statistic",Yes,NA,Publication bias,"Egger's regression test, Fail safe",Funnel plot,Forest plot ,NA,NA,Yes,Red
1/16/2023 11:04:29,km,s_104,tiktak_2020,"Are concentrations of pollutants in sharks, rays and skates (Elasmobranchii) a cause for concern? A systematic review.",2020,Marine Pollution Bulletin,MARINE & FRESHWATER BIOLOGY - SCIE/ ENVIRONMENTAL SCIENCES - SCIE,Marine Biology,10.1016/j.marpolbul.2020.111701,Amber,Red,NA,Amber,Amber,Red,Red,Red,"Scopus, Web of Science",Red,Red,NA,Amber,Red,Red,R,Amber,raw weight ,Red,Red,NA,No,NA,NA,NA,NA,Box plot ,NA,NA,No,Red
