author_year,policy_title,policy_year,policy_author,policy_country,policy_topic,policy_source,link
sabzevari_2022,Pesticides residues in European agricultural soils - Publications Office of the EU,2023,Publications Office of the European Union ,European Union,Agriculture & Food,plumx,https://publications.jrc.ec.europa.eu/repository/handle/JRC133940
sabzevari_2022,Pesticides residues in European agricultural soils - Results from LUCAS 2018 soil module,2023,Joint Research Centre - European Union,European Union,Agriculture & Food,plumx,"https://data.jrc.ec.europa.eu/dataset/ad53eb22-7900-47fb-be63-ce651d73a3fe#:~:text=This%20dataset%20contains%20the%20results%20of%20a%20study,soil%20samples%20collected%20from%20the%202018%20LUCAS%20survey."
sabzevari_2022,IACS65 AA : soil case studies : soil contamination by pesticides.,2023,Publications Office of the European Union ,European Union,Agriculture & Food,plumx,https://op.europa.eu/en/publication-detail/-/publication/644e51af-cf79-11ed-a05c-01aa75ed71a1/language-en/
sabzevari_2022,IACS65 AA: Soil Case Studies,2023,Joint Research Centre - European Union,European Union,Agriculture & Food,plumx,https://publications.jrc.ec.europa.eu/repository/handle/JRC132325
sabzevari_2022,COMMISSION STAFF WORKING DOCUMENT IMPACT ASSESSMENT REPORT Accompanying the document Proposal for a Regulation of the European Parliament and of the Council on the sustainable use of plant protection products and amending Regulation (EU) 2021/2115,2022,Council of the European Union,European Union,Agriculture & Food,plumx,https://op.europa.eu/en/publication-detail/-/publication/48491c8f-59bb-11ec-91ac-01aa75ed71a1
sabzevari_2022,COMMISSION STAFF WORKING DOCUMENT IMPACT ASSESSMENT REPORT Accompanying the document Proposal for a Regulation of the European Parliament and of the Council on the sustainable use of plant protection products and amending Regulation (EU) 2021/2115,2022,EUR-Lex,European Union,Agriculture & Food,plumx,https://eur-lex.europa.eu/legal-content/EN/TXT/?uri=SWD:2022:170:FIN
sabzevari_2022,IMPACT ASSESSMENT REPORT Accompanying the document Proposal for a Regulation of the European Parliament and of the Council on the sustainable use of plant protection products and amending Regulation (EU) 2021/2115,2022,European Economic and Social Committee ,European Union,Agriculture & Food,plumx,https://eur-lex.europa.eu/legal-content/EN/TXT/?uri=CELEX:52021SC0151
karalexi_2021,Pesticides: training for health care providers,2024,World Health Organization (WHO),International,Health,plumx,https://www.who.int/publications/i/item/WHO-HEP-ECH-CHE-24.04
karalexi_2021,CIRC Rapport biennal 2020-2021,2022,International Agrency for Research on Cancer (IARC),International,Health,plumx,https://publications.iarc.fr/Book-And-Report-Series/Iarc-Biennial-Reports/CIRC-Rapport-Biennal-2020-2021-2022
karalexi_2021,Chapter 4/12: Environmental and Health Effects of Pesticide Use,2022,United Nations Environment Programme (UNEP),International,Health,plumx,https://wedocs.unep.org/handle/20.500.11822/40353
karalexi_2021,IARC Biennial Report 2020-2021,2021,International Agrency for Research on Cancer (IARC),International,Health,plumx,https://www.iarc.who.int/news-events/iarc-biennial-report-2020-2021/
karalexi_2021,Pesticides and health,2021,UK Parliament Research Briefings ,United Kingdom,Health,plumx,"https://post.parliament.uk/research-briefings/post-pb-0043/#:~:text=This%20POSTbrief%20summarises%20the%20evidence%20on%20routes%20of,to%20pesticides%20and%20potential%20impacts%20on%20human%20health."
amutova_2021,Toxicological profile for chlorodibenzofurans (CDFs),2023,Centers for Disease Control and Prevention (CDC) ,United States of America,Toxicological profilling,plumx,https://app.overton.io/document.php?policy_document_id=cdc-fb887cbae3f6ff67117f89f5f32cf773
ribeiro_2020,FAO/WHO background document on the risks and benefits of fish consumption,2024,Food and Agriculture Organization of the United Nations (FAO),International,Agriculture & Food,Altmetric ,"https://www.who.int/publications/i/item/9789240096882#:~:text=This%20background%20document%20aims%20to%20provide%20scientific%20evidence,the%20Joint%20FAO%2FWHO%20Expert%20Consultation%20on%20the%20Ri"
yang_2020,Toxicological Profile for Hexachlorocyclohexane (HCH),2024,Centers for Disease Control and Prevention (CDC) ,United States of America,Toxicological profilling,plumx,https://stacks.cdc.gov/view/cdc/154572
yang_2020,Toxicological profile for hexachlorocyclohexane (HCH) : draft for public comment,2023,Centers for Disease Control and Prevention (CDC) ,United States of America,Toxicological profilling,plumx,https://stacks.cdc.gov/view/cdc/124652
yang_2020,"AVIS et RAPPORT de l'Anses relatif à l’élaboration de valeurs de référence pour des mélanges de substances : état des connaissances sur les approches existantes pour la prise en compte des mélanges, application aux valeurs guides de qualité de l'air intérieur (VGAI) et aux valeurs toxicologiques de référence (VTR)",2022,"French Agency for Food, Environmental and Occupational Health & Safety",France ,Agriculture & Food; Health,plumx,https://www.anses.fr/fr/content/avis-et-rapport-de-lanses-2018-sa-0152-0
leon_2019,The value of human toxicity. An explorative research for use in environmental prices,2021,CE Delft,Netherlands,Economics,Altmetric ,https://cedelft.eu/publications/the-value-of-human-toxicity-an-explorative-research-for-use-in-environmental-prices/
spinder_2019,Saúde Brasil 2022: análise da situação de saúde e uma visão integrada sobre os fatores de risco para anomalias congênitas,2022,Ministry of Health Brazil ,Brazil,Health,Altmetric ,https://www.gov.br/saude/pt-br/centrais-de-conteudo/publicacoes/svsa/anomalias-congenitas/saude-brasil-2022-analise-da-situacao-de-saude-e-uma-visao-integrada-sobre-os-fatores-de-risco-para-anomalias-congenitas/view
spinder_2019,Guía Práctica : Diagnóstico de anomalías congénitas en el prenatal y al nacimiento,2023,Ministry of Health Brazil ,Brazil,Health,Altmetric ,https://www.gov.br/saude/pt-br/centrais-de-conteudo/publicacoes/svsa/anomalias-congenitas/guia-practica-diagnostico-de-anomalias-congenitas-en-el-prenatal-y-al-nacimiento/view
spinder_2019,Guía Práctica : Diagnóstico de anomalías congénitas en el prenatal y al nacimiento,2022,Ministry of Health Brazil ,Brazil,Health,Altmetric ,https://www.gov.br/saude/pt-br/centrais-de-conteudo/publicacoes/svsa/anomalias-congenitas/guia-practica-diagnostico-de-anomalias-congenitas-en-el-prenatal-y-al-nacimiento/view
spinder_2019,The future of agriculture and forestry: implications for managing worker safety and health,2020,European Agency for Safety and Health at Work,European Union,Health,Altmetric ,"https://osha.europa.eu/en/publications/summary-future-agriculture-and-forestry-implications-managing-worker-safety-and-health#:~:text=Occupational%20safety%20and%20health%20%28OSH%29%20risks%20in%20Europe%E2%80%99s,publication%20explores%20the%20OSH%20challenges%20facing%20the%20sector."
canosancho_2019,FAO/WHO background document on the risks and benefits of fish consumption,2024,Food and Agriculture Organization of the United Nations (FAO),International,Agriculture & Food,plumx,"https://www.who.int/publications/i/item/9789240096882#:~:text=This%20background%20document%20aims%20to%20provide%20scientific%20evidence,the%20Joint%20FAO%2FWHO%20Expert%20Consultation%20on%20the%20Ri"
canosancho_2019,Épidémiologie de l'endométriose prise en charge à l'hôpital en France : étude de 2011 à 2017,2022,Santé Publique France ,France ,Health,plumx,https://www.santepubliquefrance.fr/determinants-de-sante/exposition-a-des-substances-chimiques/perturbateurs-endocriniens/documents/enquetes-etudes/epidemiologie-de-l-endometriose-prise-en-charge-a-l-hopital-en-france-etude-de-2011-a-2017
canosancho_2019,Étude de faisabilité de la surveillance épidémiologique de l'endométriose en France et premières estimations d'incidence,2021,Santé Publique France ,France ,Health,plumx,"https://www.santepubliquefrance.fr/determinants-de-sante/exposition-a-des-substances-chimiques/perturbateurs-endocriniens/documents/enquetes-etudes/etude-de-faisabilite-de-la-surveillance-epidemiologique-de-l-endometriose-en-france-et-premieres-estimations-d-incidence#:~:text=Cette%20%C3%A9tude%20examine%20la%20faisabilit%C3%A9%20de%20surveiller%20l%27endom%C3%A9triose,en%20particulier%20pour%20des%20objectifs%20de%20sant%C3%A9%20environnem"
maelefabry_2019,Pesticides: training for health care providers,2024,World Health Organization (WHO),International,Health,plumx,https://www.who.int/publications/i/item/WHO-HEP-ECH-CHE-24.04
maelefabry_2019,Pesticides et effets sur la santé - Nouvelles données.fr,2021,La Documentation Française,France ,Health,plumx,https://www.inserm.fr/expertise-collective/pesticides-et-sante-nouvelles-donnees-2021/
maelefabry_2019,Chronic Lymphocytic Leukemia in Farmer and Vegetable Seller,2021,Government of Indonesia,Indonesia,Health,plumx,https://ijcom.org/index.php/ijcom/article/view/22
maelefabry_2019,The Wilmington Childhood Cancer Study,2021,Commonwealth of Massachusetts,United States of America,Health,plumx,https://wilmingtonapple.com/2021/03/23/20-years-of-waiting-is-over-wilmington-childhood-cancer-study-to-be-released-today/
maelefabry_2019,RAPPORT de l'Anses relatif à l'étude Pesti’home - Enquête nationale sur les utilisations domestiques de pesticides - Départements et régions d’outre-mer (DROM) - Guadeloupe - Martinique - La Réunion,2021,"French Agency for Food, Environmental and Occupational Health & Safety",France ,Agriculture & Food; Health,plumx,https://www.anses.fr/fr/content/rapport-de-lanses-relatif-%C3%A0-l%C3%A9tude-pesti%E2%80%99home-enqu%C3%AAte-nationale-sur-les-utilisations
maelefabry_2019,Les risques sanitaires des pesticides : des pistes d’action pour en réduire les impacts,2019,Institut national de santé publique du Québec,France ,Health,plumx,https://www.inspq.qc.ca/publications/2572
wolfram_2018,Environmental and Health Impacts of Pesticides and Fertilizers and Ways of Minimizing Them: Envisioning a chemical-safe world: Annexes to Chapter 4.3 – Adverse Environmental Effects of Pesticide Use,2022,United Nations Environment Programme (UNEP),International,Health,Altmetric ,"https://reliefweb.int/report/world/environmental-and-health-impacts-pesticides-and-fertilizers-and-ways-minimizing-them-enarru#:~:text=Nairobi%2C%208%20December%202022%20%E2%80%93%20A%20report%20by,adverse%20impacts%20of%20pesticides%20and%20fertilizers%20to%20"
wolfram_2018,Chapter 4/12: Environmental and Health Effects of Pesticide Use,2022,United Nations Environment Programme (UNEP),International,Health,Altmetric ,https://wedocs.unep.org/handle/20.500.11822/40353
yan_2018,Haalbaarheid van onderzoek naar blootstelling aan bestrijdingsmiddelen en de gezondheid van omwonenden,2022,Rijksinstituut voor Volksgezondheid en Milieu (RIVM),Netherlands,Health,plumx,https://www.rivm.nl/publicaties/haalbaarheid-van-onderzoek-naar-blootstelling-aan-bestrijdingsmiddelen-en-gezondheid
yan_2018,Effets sanitaires des pesticides agricoles les plus vendus au Québec,2020,Institut de Recherche Robert-Sauvé en Santé et en Sécurité du Travail,Canada,Health,plumx,https://pharesst.irsst.qc.ca/expertises-revues/12/
yan_2018,Les risques sanitaires des pesticides : des pistes d’action pour en réduire les impacts,2019,Institut national de santé publique du Québec,Canada,Health,plumx,https://www.inspq.qc.ca/publications/2572
canosancho_2017,"Toxicological profile for DDT, DDE, and DDD",2022,Centers for Disease Control and Prevention (CDC) ,United States of America,Toxicological profilling,Altmetric ,https://stacks.cdc.gov/view/cdc/152131
song_2016,Research 361: The State of the Art on the Potential Human Health Impacts of Microplastics and Nanoplastics,2021,Environmental Protection Agency (EPA),United States of America,Health,Altmetric ,https://www.epa.ie/publications/research/environment--health/research-361-the-state-of-the-art-on-the-potential-human.php
park_2016,"Toxicological profile for DDT, DDE, and DDD",2022,Centers for Disease Control and Prevention (CDC) ,United States of America,Toxicological profilling,Altmetric ,https://stacks.cdc.gov/view/cdc/152131
luo_2016,"Toxicological profile for DDT, DDE, and DDD",2023,Centers for Disease Control and Prevention (CDC) ,United States of America,Toxicological profilling,Altmetric ,https://app.overton.io/document.php?policy_document_id=cdc-6972a9b72476048e23f10146ed814ce6
evangelou_2016,Study supporting the evaluation of Directive 2009/128/EC on the sustainable use of pesticides and impact assessment of its possible revision : final impact assessment report.,2022,Publications Office of the European Union ,European Union,Health,plumx,https://op.europa.eu/en/publication-detail/-/publication/49475710-f1d6-11ec-a534-01aa75ed71a1/language-en
evangelou_2016,"Toxicological profile for DDT, DDE, and DDD",2019,Centers for Disease Control and Prevention (CDC) ,United States of America,Toxicological profilling,plumx,"https://www.atsdr.cdc.gov/peer-review-agenda/php/toxicological-profiles/ddt-dde-ddd.html#:~:text=This%20ATSDR%20toxicological%20profile%20succinctly%20characterizes%20the%20toxicologic,DDD.%20Title%3A%20Toxicological%20Profile%20for%201-DDT%2C%20DDE%2C%20DDD"
evangelou_2016,"Toxicological profile for 1,1-Dichloroethene : draft for public comment",2019,Centers for Disease Control and Prevention (CDC) ,United States of America,Toxicological profilling,plumx,https://stacks.cdc.gov/view/cdc/84022
evangelou_2016,"Toxicological profile for DDT, DDE, and DDD",2019,Government Publishing Office (GPO) ,United States of America,Toxicological profilling,plumx,https://app.overton.io/document.php?policy_document_id=gpogov-5112587e48b73aa111d60bb76e5981e5
evangelou_2016,"Agrotóxicos no Brasil : padrões de uso, política da regulação e prevenção da captura regulatória",2019,Instituto de Pesquisa Econômica Aplicada,Brazil,Health,plumx,https://app.overton.io/document.php?policy_document_id=ipeabr-a568a345834bf86529eefd6041bc4a41
evangelou_2016,Agricultural Inputs and Nutrition in South Asia,2019,Institute of Development Studies,United Kingdom,Agriculture & Food,plumx,https://app.overton.io/document.php?policy_document_id=instituteofdevelopmentstudies-5b086a96b299545c4bedfb215af47830
bonde_2016,Hazards associated with animal feed,2023,Food and Agriculture Organization of the United Nations (FAO),International,Agriculture & Food,Altmetric ,https://openknowledge.fao.org/items/aee71dee-7234-4a97-9993-ef47fdf607bb
bonde_2016,"Toxicological profile for DDT, DDE, and DDD",2022,Centers for Disease Control and Prevention (CDC) ,United States of America,Toxicological profilling,Altmetric ,https://stacks.cdc.gov/view/cdc/152131
lewis-mikhael_2015,"Toxicological profile for DDT, DDE, and DDD",2015,Centers for Disease Control and Prevention (CDC) ,United States of America,Toxicological profilling,Altmetric ,https://app.overton.io/document.php?policy_document_id=cdc-6972a9b72476048e23f10146ed814ce6
chen_2015,Pesticides: training for health care providers,2024,World Health Organization (WHO),International,Health,Altmetric ,https://www.who.int/publications/i/item/WHO-HEP-ECH-CHE-24.04
lim_2015,"Toxicological profile for DDT, DDE, and DDD",2022,World Health Organization (WHO),International,Toxicological profilling,Altmetric ,https://stacks.cdc.gov/view/cdc/152131
iszatt_2015,"Toxicological profile for DDT, DDE, and DDD",2022,Centers for Disease Control and Prevention (CDC) ,United States of America,Toxicological profilling,Altmetric ,https://stacks.cdc.gov/view/cdc/152131
iszatt_2015,"Health cost that may be associated with Endocrine Disrupting Chemicals. An inventory, evaluation and way forward to assess the potential socio-economic impact of EDC-associated health effects in the EU",2016,Institute for Risk Assessment Sciences,European Union,Health; Economics,Altmetric ,NA
iszatt_2015,Rapport 'Health cost that may be associated with Endocrine Disrupting Chemicals' - Rapport - Rijksoverheid.nl,2016,Institute for Risk Assessment Sciences,European Union,Health; Economics,Altmetric ,NA
suprun_2015,"Helbredseffekter af PFOA, PFNA, PFOS og PFHxS",2022,Danish Health Authority,Netherlands,Toxicological profilling,Altmetric ,"https://www.sst.dk/da/udgivelser/2023/helbredseffekter-af-pfoa-pfna-pfos-og-pfhxs#:~:text=Notatet%20beskriver%20den%20nuv%C3%A6rende%20viden%20om%20helbredseffekter%20af,fire%20PFAS%20forbindelser%3A%20PFOA%2C%20PFNA%2C%20PFOS%20og%20PFHxS."
suprun_2015,Per- and Polyfluoroalkyl Substances Chemical Action Plan,2021,Washington State Department of Ecology,United States of America,Pollution Management & Monitoring,Altmetric ,"https://apps.ecology.wa.gov/publications/summarypages/2104048.html#:~:text=The%20Final%20PFAS%20Chemical%20Action%20Plan%20identifies%2C%20characterizes%2C,actions%20to%20protect%20human%20health%20and%20the%20environment."
suprun_2015,Per- and Polyfluoroalkyl Substances Draft Chemical Action Plan,2020,Washington State Department of Ecology,United States of America,Pollution Management & Monitoring,Altmetric ,https://apps.ecology.wa.gov/publications/summarypages/2004035.html
suprun_2015,Toxicological profile for perfluoroalkyls,2018,Centers for Disease Control and Prevention (CDC) ,United States of America,Toxicological profilling,Altmetric ,https://stacks.cdc.gov/view/cdc/59198
casas_2014,"Toxicological profile for DDT, DDE, and DDD",2019,Centers for Disease Control and Prevention (CDC) ,United States of America,Toxicological profilling,plumx,https://app.overton.io/document.php?policy_document_id=cdc-6972a9b72476048e23f10146ed814ce6
casas_2014,"Toxicological profile for 1,1-Dichloroethene : draft for public comment",2019,Centers for Disease Control and Prevention (CDC) ,United States of America,Toxicological profilling,plumx,https://searchworks.stanford.edu/view/13563532
casas_2014,"Toxicological profile for DDT, DDE, and DDD",2019,Government Publishing Office (GPO) ,United States of America,Toxicological profilling,plumx,https://app.overton.io/document.php?policy_document_id=gpogov-5112587e48b73aa111d60bb76e5981e5
casas_2014,Utvärdering av samband mellan mammors POP-belastning under graviditets- och amningsperioden och deras barns hälsa,2017,Naturvårdsverket,Sweden,Health,plumx,https://www.diva-portal.org/smash/record.jsf?pid=diva2%3A1172209&dswid=-6032
tang_2014,"Toxicological profile for DDT, DDE, and DDD",2022,Centers for Disease Control and Prevention (CDC) ,United States of America,Toxicological profilling,Altmetric ,https://stacks.cdc.gov/view/cdc/152131
schinasi_2014,Joint FAO/WHO Meeting on Pesticide Residues,2023,Food and Agriculture Organization of the United Nations (FAO),International,Agriculture & Food,Altmetric ,https://www.who.int/publications/m/item/joint-fao-who-meeting-on-pesticide-residues-by-the-2023-meeting-washington-19-28-september-2023
schinasi_2014,"NRDC Comments to EPA on Glyphosate Proposed Interim Registration Review Decision (PID), 2019 (PDF)",2023,Natural Resources Defense Council (NRDC),United States of America,Pollution Management & Monitoring,Altmetric ,NA
schinasi_2014,Toxicological profile for glyphosate : draft for public comment,2019,Centers for Disease Control and Prevention (CDC) ,United States of America,Toxicological profilling,Altmetric ,https://www.federalregister.gov/documents/2019/04/08/2019-06832/availability-of-draft-toxicological-profile-for-glyphosate
schinasi_2014,Towards a Pollution-Free Planet: Background Report,2019,United Nations Environment Programme (UNEP),International,Pollution Management & Monitoring,Altmetric ,https://wedocs.unep.org/handle/20.500.11822/21800
schinasi_2014,Threats on Tap: Widespread Violations Highlight Need for Investment in Water Infrastructure and Protections,2017,Natural Resources Defense Council (NRDC),United States of America,Infrastructure,Altmetric ,https://www.nrdc.org/resources/threats-tap-widespread-violations-water-infrastructure
schinasi_2014,1051. Pesticide residues in food - 2016 (JMPR Evaluations 2016 Part II Toxicological),2017,International Programme on Chemical Safety,International,Agriculture & Food; Health,Altmetric ,https://www.who.int/publications/i/item/9789241655323
park_2014,"Toxicological profile for DDT, DDE, and DDD",2019,Centers for Disease Control and Prevention (CDC) ,United States of America,Toxicological profilling,plumx,https://stacks.cdc.gov/view/cdc/83602
park_2014,"Toxicological profile for 1,1-Dichloroethene : draft for public comment",2019,Centers for Disease Control and Prevention (CDC) ,United States of America,Toxicological profilling,plumx,https://app.overton.io/document.php?policy_document_id=cdc-efc2b928ab9b429604c876ad3a8b0dc7
park_2014,"Toxicological profile for DDT, DDE, and DDD",2019,Government Publishing Office (GPO) ,United States of America,Toxicological profilling,plumx,https://app.overton.io/document.php?policy_document_id=gpogov-5112587e48b73aa111d60bb76e5981e5
park_2014,"DDT, Lindane, and 2,4-D",2019,International Agrency for Research on Cancer (IARC),International,Toxicological profilling,plumx,https://app.overton.io/document.php?policy_document_id=whoiarc-f7520353b357497de4725cd0f9b102fc
ingber_2013,"Toxicological profile for DDT, DDE, and DDD",2019,Centers for Disease Control and Prevention (CDC) ,United States of America,Toxicological profilling,plumx,https://app.overton.io/document.php?policy_document_id=cdc-6972a9b72476048e23f10146ed814ce6
ingber_2013,"Toxicological profile for 1,1-Dichloroethene : draft for public comment",2019,Centers for Disease Control and Prevention (CDC) ,United States of America,Toxicological profilling,plumx,https://app.overton.io/document.php?policy_document_id=cdc-efc2b928ab9b429604c876ad3a8b0dc7
ingber_2013,"Toxicological profile for DDT, DDE, and DDD",2019,Government Publishing Office (GPO) ,United States of America,Toxicological profilling,plumx,https://www.semanticscholar.org/paper/Toxicological-profile-for-DDT%2C-DDE%2C-and-DDD-%3A-draft-Faroon-Ruiz/5ffc6a10c2d20f9e46740ad0b1ca85a1f26b6a48
ingber_2013,"DDT, Lindane, and 2,4-D",2019,International Agrency for Research on Cancer (IARC),International,Toxicological profilling,plumx,https://app.overton.io/document.php?policy_document_id=whoiarc-f7520353b357497de4725cd0f9b102fc
allen_2013,Haalbaarheid van onderzoek naar blootstelling aan bestrijdingsmiddelen en de gezondheid va omwonenden,2022,Rijksinstituut voor Volksgezondheid en Milieu (RIVM),Netherlands,Health,Altmetric ,https://www.rivm.nl/publicaties/haalbaarheid-van-onderzoek-naar-blootstelling-aan-bestrijdingsmiddelen-en-gezondheid
allen_2013,Gewasbeschermingsmiddelen en neurodegeneratieve ziekten: mogelijkheden om de toelatingsvereisten te verbeteren,2021,Rijksinstituut voor Volksgezondheid en Milieu (RIVM),Netherlands,Health,Altmetric ,https://www.rivm.nl/publicaties/gewasbeschermingsmiddelen-en-neurodegeneratieve-ziekten-mogelijkheden-om
allen_2013,Gewasbeschermingsmiddelen en neurodegeneratieve ziekten: mogelijkheden om de toelatingsvereisten te verbeteren,2021,Rijksinstituut voor Volksgezondheid en Milieu (RIVM),Netherlands,Health,Altmetric ,https://www.rivm.nl/publicaties/gewasbeschermingsmiddelen-en-neurodegeneratieve-ziekten-mogelijkheden-om
allen_2013,The Evolving Chemicals Economy: Status and Trends Relevant for Sustainability - Global Chemicals Outlook II Part I,2019,United Nations Environment Programme (UNEP),International,Economics,Altmetric ,https://wedocs.unep.org/handle/20.500.11822/28186
allen_2013,Preventing disease through a healthier and safer workplace,2018,World Health Organization (WHO),International,Health,Altmetric ,"https://www.who.int/publications/i/item/9789241513777#:~:text=This%20comprehensive%20global%20assessment%20provides%20insights%20on%20the,could%20be%20avoided%20through%20healthier%20and%20safer%20workplaces."
wu_2013,"Toxicological profile for DDT, DDE, and DDD",2022,Centers for Disease Control and Prevention (CDC) ,United States of America,Toxicological profilling,Altmetric ,https://stacks.cdc.gov/view/cdc/152131
wu_2013,"Safety evaluation of certain food additives and contaminants, supplement 1: non-dioxin-like polychlorinated biphenyls, prepared by the eightieth meeting of the Joint FAO/WHO Expert Committee on Food Additives (?JECFA)?",2016,World Health Organization (WHO),International,Agriculture & Food,Altmetric ,https://iris.who.int/handle/10665/246225
wu_2013,Health cost that may be associated with Endocrine Disrupting Chemicals,2016,Institute for Risk Assessment Sciences,International,Health,Altmetric ,NA
wu_2013,Rapport 'Health cost that may be associated with Endocrine Disrupting Chemicals' - Rapport - Rijksoverheid.nl,2016,Institute for Risk Assessment Sciences,International,Health,Altmetric ,NA
maelefabry_2012,Firefighters and Parkinson’s Disease Risk: Report to the Legislature regarding inclusion of Parkinson’s disease into RCW 51.32.185,2023,State of Washington,United States of America,Health,plumx,https://app.overton.io/document.php?policy_document_id=stateofwashington-578b243ee35193961f4beb2590997bc9
maelefabry_2012,Haalbaarheid van onderzoek naar blootstelling aan bestrijdingsmiddelen en de gezondheid van omwonende,2022,Rijksinstituut voor Volksgezondheid en Milieu (RIVM),Netherlands,Health,plumx,https://www.rivm.nl/
maelefabry_2012,Gewasbeschermingsmiddelen en neurodegeneratieve ziekten: mogelijkheden om de toelatingsvereisten te verbeteren,2021,Rijksoverheid ,Netherlands,Health,plumx,https://app.overton.io/document.php?policy_document_id=rijksoverheid-211aff539cffe4ace4d019f8a26645f6
maelefabry_2012,Gewasbeschermingsmiddelen en neurodegeneratieve ziekten: mogelijkheden om de toelatingsvereisten te verbeteren,2021,Rijksoverheid ,Netherlands,Health,plumx,https://app.overton.io/document.php?policy_document_id=rijksoverheid-211aff539cffe4ace4d019f8a26645f6
maelefabry_2012,Les risques sanitaires des pesticides : des pistes d’action pour en réduire les impacts,2019,Institut national de santé publique du Québec,Canada,Health,plumx,https://app.overton.io/document.php?policy_document_id=inspq_canada-81a83a7b55ddb76ffac07e8c1f44bcd6
maelefabry_2012,Occupational Exposures to Plant Protection Products and Associated Health Effects in Agricultural Workers,2018,Government of Switzerland,Switzerland,Health; Agriculture & Food,plumx,https://app.overton.io/document.php?policy_document_id=adminch-749c60228c980c2b8d3bb54b0570032a
maelefabry_2012,Human health implications of organic food and organic agriculture.,2017,Publications Office of the European Union ,European Union,Agriculture & Food,plumx,https://app.overton.io/document.php?policy_document_id=europa-f4cb98a22473a45e4d516f9a3b51faa6
maelefabry_2012,Investigation into experimental toxicological properties of plant protection products having a potential link to Parkinson’s disease and childhood leukaemia,2017,European Food Safety Authority (EFSA),European Union,Agriculture & Food,plumx,https://app.overton.io/document.php?policy_document_id=efsaeu-6f53de8af637f9cad8bfb65080a2d9f6
maelefabry_2012,Human health implications of organic food and organic agriculture,2016,Panel for the Future of Science and Technology (STOA) for the European Parliament,European Union,Health; Agriculture & Food,plumx,https://app.overton.io/document.php?policy_document_id=stoa-db9ce4a8a59deea4bc446156d4a1a4dc
maelefabry_2012,Pesticides and our Health International,2015,Publications Office of the European Union ,European Union,Health,plumx,https://app.overton.io/document.php?policy_document_id=europa-f4cb98a22473a45e4d516f9a3b51faa6
maelefabry_2012,European Physiotherapy Guidelines for Parkinson’s,2014,European Food Safety Authority (EFSA),European Union,Health; Agriculture & Food,plumx,https://app.overton.io/document.php?policy_document_id=efsaeu-6f53de8af637f9cad8bfb65080a2d9f6
maelefabry_2012,Gewasbescherming en omwonenden,2014,Gezondheidsraad ,Netherlands,Agriculture & Food,plumx,https://app.overton.io/document.php?policy_document_id=gezondheidsraad-a396a0e8b27c3cc82301a5f07edc53f9
maelefabry_2012,Literature review on epidemiological studies linking exposure to pesticides and health effects,2013,European Food Safety Authority (EFSA),European Union,Health,plumx,https://app.overton.io/document.php?policy_document_id=efsaeu-1265d4f2c62a30223b26e396fbf7c41a
maelefabry_2012,Connecting Health Care With Public & Environmental Health,2013,Government of Thailand,Thailand,Health,plumx,https://app.overton.io/document.php?policy_document_id=governmentofthailand-310362c95d50b3cffba4f28fb50e1bc3
maelefabry_2012,Human health implications of organic food and organic agriculture,2012,European Parliamentary Research Service,European Union,Health; Agriculture & Food,plumx,https://app.overton.io/document.php?policy_document_id=euparl_library-23efa2206a2a0b7a2741fa8571d09972
vandermark_2012,Haalbaarheid van onderzoek naar blootstelling aan bestrijdingsmiddelen en de gezondheid van omwonenden,2022,Rijksinstituut voor Volksgezondheid en Milieu (RIVM),Netherlands,Health,plumx,https://www.rivm.nl/publicaties/haalbaarheid-van-onderzoek-naar-blootstelling-aan-bestrijdingsmiddelen-en-gezondheid
vandermark_2012,Beantwoording Kamervragen over niet vernieuwen van de toelating van het aan Parkinson gerelateerde mancozeb,2020,Rijksoverheid,Netherlands,Health,plumx,https://www.rijksoverheid.nl/documenten/kamerstukken/2020/05/25/beantwoording-kamervragen-over-niet-vernieuwen-van-de-toelating-van-het-aan-parkinson-gerelateerde-mancozeb
vandermark_2012,Gezondheidsverkenning omwonenden van landbouwpercelen,2020,Rijksoverheid,Netherlands,Health,plumx,https://www.rijksoverheid.nl/documenten/kamerstukken/2020/05/25/beantwoording-kamervragen-over-niet-vernieuwen-van-de-toelating-van-het-aan-parkinson-gerelateerde-mancozeb
vandermark_2012,Gezondheidsverkenning omwonenden van landbouwpercelen,2020,Rijksoverheid,Netherlands,Health,plumx,https://www.rijksoverheid.nl/documenten/kamerstukken/2020/05/25/beantwoording-kamervragen-over-niet-vernieuwen-van-de-toelating-van-het-aan-parkinson-gerelateerde-mancozeb
vandermark_2012,Veterans and Agent Orange: Update 2012,2014,US National Academies Press (NAP),United States of America,Bioweapon risks,plumx,https://nap.nationalacademies.org/catalog/18395/veterans-and-agent-orange-update-2012
govarts_2012,"Toxicological profile for DDT, DDE, and DDD",2022,Centers for Disease Control and Prevention (CDC) ,United States of America,Toxicological profilling,Altmetric ,https://stacks.cdc.gov/view/cdc/152131
govarts_2012,Preventing disease through a healthier and safer workplace,2018,World Health Organization (WHO),International,Health,Altmetric ,https://iris.who.int/handle/10665/272980
govarts_2012,¡No contamines mi futuro! El impacto de los factores medioambientales en la salud infantil,2017,World Health Organization (WHO),International,Health,Altmetric ,https://iris.who.int/handle/10665/260430
govarts_2012,Preventing disease through a healthier and safer workplace,2018,World Health Organization (WHO),International,Health,Altmetric ,https://iris.who.int/handle/10665/272980
govarts_2012,Ontwikkeling van milieu-indicatoren gebaseerd op humane biomonitoringsresultaten in Vlaanderen,2017,Flemish Government ,Belgium,Health,Altmetric ,https://www.vlaanderen.be/publicaties/ontwikkeling-van-milieu-indicatoren-gebaseerd-op-humane-biomonitoringsresultaten-in-vlaanderen
govarts_2012,Don’t pollute my future! The impact of the environment on children’s health,2017,World Health Organization (WHO),International,Health,Altmetric ,https://iris.who.int/handle/10665/254678
govarts_2012,Ne polluez pas mon avenir ! L'impact environnemental sur la santé infantile,2017,World Health Organization (WHO),International,Health,Altmetric ,https://iris.who.int/handle/10665/260429
govarts_2012,AMAP Assessment 2015: Human Health in the Arctic,2015,United Nations Environment Programme (UNEP),International,Health,Altmetric ,https://wedocs.unep.org/handle/20.500.11822/7554
govarts_2012,Preventing disease through healthy environments : A global assessment of the burden of disease from environmental risk,2016,Ministry of Health Knowledge Management Portal,International,Health,Altmetric ,NA
govarts_2012,"Safety evaluation of certain food additives and contaminants, supplement 1: non-dioxin-like polychlorinated biphenyls, prepared by the eightieth meeting of the Joint FAO/WHO Expert Committee on Food Additives (?JECFA)?",2016,World Health Organization (WHO),International,Agriculture & Food,Altmetric ,https://iris.who.int/handle/10665/246225
govarts_2012,Preventing disease through healthy environments : A global assessment of the burden of disease from environmental risk,2016,World Health Organization (WHO),International,Health,Altmetric ,https://iris.who.int/handle/10665/204585
govarts_2012,The Interplay Between Environmental Chemical Exposures and Obesity: Proceedings of a Workshop,2016,US National Academies Press (NAP),United States of America,Health,Altmetric ,https://nap.nationalacademies.org/catalog/21880/the-interplay-between-environmental-chemical-exposures-and-obesity-proceedings-of
vinson_2011,Where Do We Stand in Achieving the 2020 Goal – Assessing Overall Progress and Gaps - Global Chemicals Outlook II Part II,2019,United Nations Environment Programme (UNEP),International,Pollution Management & Monitoring,Altmetric ,https://wedocs.unep.org/handle/20.500.11822/28188
zheng_2011,State of the science of endocrine disrupting chemicals 2012 / edited by Åke Bergman … [?et al]?,2013,World Health Organization (WHO),International,Research direction,Altmetric ,https://iris.who.int/handle/10665/78101
riget_2010,"Feathers as an integrated measure of organohalogen contamination, its dietary sources and corticosterone in nestlings of a terrestrial bird of prey, the northern Goshawk (Accipiter gentilis)",2023,Norwegian Institute for Nature Research ,Norway,Conservation & Biodiversity,plumx,https://app.overton.io/document.php?policy_document_id=ninano-a65a12dfbf7ce49824568a38fc22738d
riget_2010,Pollution in the Open Oceans 2009-2013 - A Report by a GESAMP Task Team. Reports and Studies 91,2020,United Nations Environment Programme (UNEP),International,Pollution Management & Monitoring,plumx,https://app.overton.io/document.php?policy_document_id=unenvironment-1928906557f6407cc64e5b7945cd540b
riget_2010,"Report on human biomonitoring of environmental chemicals in pooled samples : results of the Canadian Health Measures Survey cycles 1 (2007â€“2009), 3 (2012â€“2013), 4 (2014â€“2015) and 5 (2016â€“2017).: H129-104/2020E-PDF Publications - Canada.ca",2020,Government of Canada,Canada,Health,plumx,https://app.overton.io/document.php?policy_document_id=governmentofcanada-2da454ef315a17de9a45b93fbd9e67e7
riget_2010,"The regional assessment report on biodiversity and ecosystem services for the Americas (Full report, including SPM and chapters; laid out)",2019,ntergovernmental Science-Policy Platform on Biodiversity and Ecosystem Services,International,Conservation & Biodiversity,plumx,https://app.overton.io/document.php?policy_document_id=ipbes-82813c0da4f7ec7f484b7b7728bd6ec5
riget_2010,IPBES/6/INF/4/Rev.1,2018,ntergovernmental Science-Policy Platform on Biodiversity and Ecosystem Services,International,Conservation & Biodiversity,plumx,https://app.overton.io/document.php?policy_document_id=ipbes-b5ecd48e09232819c16de64e8984c03c
riget_2010,The IPBES regional assessment report on biodiversity and ecosystem services for the Americas,2018,ntergovernmental Science-Policy Platform on Biodiversity and Ecosystem Services,International,Conservation & Biodiversity,plumx,https://app.overton.io/document.php?policy_document_id=ipbes-aae78a627e695998767e634818e8cbde
riget_2010,AMAP Assessment 2016: Chemicals of Emerging Arctic Concern,2018,Arctic Council,International,Pollution Management & Monitoring,plumx,https://app.overton.io/document.php?policy_document_id=arcticcouncil-5503066df48b26982ed36f79287c0da4
riget_2010,AMAP Assessment 2015: Temporal Trends in Persistent Organic Pollutants in the Arctic,2017,Arctic Council,International,Pollution Management & Monitoring,plumx,https://app.overton.io/document.php?policy_document_id=arcticcouncil-0817077c83c9ef7bdd59621eac5533fa
riget_2010,Exposure to a mixture of toxic chemicals : implications for the health of endangered southern resident killer whales /,2016,Government Publishing Office (GPO) ,United States of America,Conservation & Biodiversity,plumx,https://app.overton.io/document.php?policy_document_id=gpogov-77de4801ff6be30d819d3e47e4a10824
riget_2010,AMAP Assessment 2015: Human Health in the Arctic,2016,United Nations Environment Programme (UNEP),International,Health,plumx,https://app.overton.io/document.php?policy_document_id=unenvironment-05b9805e81af6158bc8c93e856dfc707
riget_2010,Arctic Biodiversity Assessment: Status and trends in Arctic biodiversity,2016,United Nations Environment Programme (UNEP),International,Health,plumx,https://app.overton.io/document.php?policy_document_id=unenvironment-89aacbfacdc11bc70bcb039003a1eab1
riget_2010,Pollution in the Open Oceans,2016,The Joint Group of Experts on the Scientific Aspects of Marine Environmental Protection ,International,Pollution Management & Monitoring,plumx,https://app.overton.io/document.php?policy_document_id=gesamp-abda5413c0c16877519ab2038e31ae11
riget_2010,Polychlorinated Biphenyls and Polybrominated Biphenyls,2016,International Agrency for Research on Cancer (IARC),International,Toxicological profilling,plumx,https://app.overton.io/document.php?policy_document_id=whoiarc-185a29a8a680c73fe16451e065932616
riget_2010,AMAP Assessment 2015: Human Health in the Arctic,2016,Arctic Council,International,Health,plumx,https://app.overton.io/document.php?policy_document_id=arcticcouncil-01fcc840d138f1a021c61cd6d12569d4
riget_2010,The Arctic Terrestrial Biodiversity Monitoring Plan. CAFF Monitoring Series Report No. 7. (FINAL DRAFT FOR CAFF BOARD REVIEW).,2015,Arctic Council,International,Pollution Management & Monitoring,plumx,https://app.overton.io/document.php?policy_document_id=arcticcouncil-ba0577a4dd24c4a90a0540326d2f5e45
riget_2010,Arctic Biodiversity Synthesis.,2015,Arctic Council,International,Conservation & Biodiversity,plumx,https://app.overton.io/document.php?policy_document_id=arcticcouncil-ee06a77f2ed2ad01b9ec4029edab6a37
riget_2010,"Trends in Stockholm Convention Persistent Organic Pollutants (POPs) in Arctic Air, Human media and Biota.",2015,Arctic Council,International,Pollution Management & Monitoring,plumx,https://app.overton.io/document.php?policy_document_id=arcticcouncil-4f43268a320e71654bac1c1be431df57
riget_2010,Evaluering af Arktisk Biodiversitet. Syntese,2015,Arctic Council,International,Conservation & Biodiversity,plumx,https://app.overton.io/document.php?policy_document_id=arcticcouncil-f32d41328505d55d8873054fc819e01a
riget_2010,"Arctic Terrestrial Biodiversity Monitoring Plan. Terrestrial Expert Monitoring Group, Circumpolar Biodiversity Monitoring Program",2015,Arctic Council,International,Conservation & Biodiversity,plumx,https://app.overton.io/document.php?policy_document_id=arcticcouncil-c8d18a3bdaa73b9ed9be0dfce00bd79c
riget_2010,Arctic Biodiversity Assesment. Synthesis.,2015,Arctic Council,International,Conservation & Biodiversity,plumx,https://app.overton.io/document.php?policy_document_id=arcticcouncil-80c2346692ee1215dc4aad9945e9fdb6
riget_2010,Arctic Biodiversity Assessment 2013,2015,Arctic Council,International,Conservation & Biodiversity,plumx,https://app.overton.io/document.php?policy_document_id=arcticcouncil-3bf9977a37acd955297020b4a4a45abf
riget_2010,"Pollution in the Open Oceans, 2009-2013, a report by a GESAMP Task Team",2015,UNESCO,International,Pollution Management & Monitoring,plumx,https://app.overton.io/document.php?policy_document_id=unesco-5d6c86264c35d9dcb45bc281ae01bac6
riget_2010,State of the science of endocrine disrupting chemicals 2012 / edited by Ã…ke Bergman â€¦ [â€Žet al]â€Ž,2013,World Health Organization (WHO),International,Research direction,plumx,https://app.overton.io/document.php?policy_document_id=who-b9f44ea4ae1f8865c66298b7e0f4c596
riget_2010,State of the science of endocrine disrupting chemicals 2012 /,2013,United Nations Environment Programme (UNEP),International,Research direction,plumx,https://app.overton.io/document.php?policy_document_id=unitednations-83c743fde878ecd4f4125dd21d2f2ca5
riget_2010,"Polybrominated diphenyl ethers (PBDEs) in marine mammals from Arctic and North Atlantic regions, 1986â€“2009",2012,International Whaling Commission (IWC),International,Conservation & Biodiversity,plumx,https://app.overton.io/document.php?policy_document_id=intwhalingcomm-5980173538fe3eab4c0c5d9a67966d79
riget_2010,Climate change and the pops :predicting the impacts : report of the UNEP/AMAP Expert Group,2011,United Nations Environment Programme (UNEP),International,prediction of impacts ,plumx,https://app.overton.io/document.php?policy_document_id=unitednations-c250fcdb86f0fc404fb66ed86a87c63d
riget_2010,Canadian Arctic contaminants assessment report III - 2013 : persistent organic pollutants in Canada's north / Northern Contaminants Program. : R74-2/2-2013E-PDF Publications - Canada.ca,2013,Government of Canada,Canada,Pollution Management & Monitoring,plumx,https://app.overton.io/document.php?policy_document_id=governmentofcanada-079626514f1e06793531d5bcfe36c066
riget_2010,Arctic Ecozone status and trends assessment : Canadian biodiversity - ecosystem status and trends 2010. Technical ecozone report / by J. Eamer ... et al..,2013,Government of Canada,Canada,Conservation & Biodiversity,plumx,https://app.overton.io/document.php?policy_document_id=governmentofcanada-c00f77d52120d9afcaf4d6692fec9abf
maelefabry_2010,La contaminaciÃ³n del suelo: una realidad oculta,2023,Food and Agriculture Organization of the United Nations (FAO),International,Agriculture & Food,Altmetric ,https://openknowledge.fao.org/items/30b955f2-9989-4629-9782-b67dfa518841
maelefabry_2010,Soil pollution: a hidden reality,2023,Food and Agriculture Organization of the United Nations (FAO),International,Agriculture & Food,Altmetric ,https://openknowledge.fao.org/items/012e0992-7d74-4ee1-9ac1-204b6b32906f
maelefabry_2010,Pesticides and health,2021,UK Parliament Briefing Notes,United Kingdom,Health,Altmetric ,https://post.parliament.uk/research-briefings/post-pb-0043/
maelefabry_2010,Â¡No contamines mi futuro! El impacto de los factores medioambientales en la salud infantil,2018,World Health Organization (WHO),International,Health,Altmetric ,https://iris.who.int/handle/10665/260430
maelefabry_2010,Pesticides and health,2021,UK Parliament Briefing Notes,International,Health,Altmetric ,https://post.parliament.uk/research-briefings/post-pb-0043/
maelefabry_2010,The Evolving Chemicals Economy: Status and Trends Relevant for Sustainability - Global Chemicals Outlook II Part I,2019,United Nations Environment Programme (UNEP),International,Economics,Altmetric ,https://wedocs.unep.org/handle/20.500.11822/28186
maelefabry_2010,Gezondheidsverkenning omwonenden van landbouwpercelen,2018,Rijksinstituut voor Volksgezondheid en Milieu (RIVM),Netherlands,Health,Altmetric ,https://www.rijksoverheid.nl/documenten/rapporten/2018/07/06/gezondheidsverkenning-omwonenden-van-landbouwpercelen
maelefabry_2010,Gezondheidsverkenning omwonenden van landbouwpercelen,2018,Rijksinstituut voor Volksgezondheid en Milieu (RIVM),Netherlands,Health,Altmetric ,https://www.rivm.nl/publicaties/gezondheidsverkenning-omwonenden-van-landbouwpercelen
maelefabry_2010,Â¡No contamines mi futuro! El impacto de los factores medioambientales en la salud infantil,2018,World Health Organization (WHO),International,Health,Altmetric ,https://iris.who.int/handle/10665/260430
maelefabry_2010,Ne polluez pas mon avenir ! L'impact environnemental sur la santÃ© infantile,2017,World Health Organization (WHO),International,Health,Altmetric ,https://iris.who.int/handle/10665/260429
maelefabry_2010,Study on the calculation of the benefits of chemicals legislation on human health and the environment - EU Law and Publications,2016,The Publications Office of the European Union,European Union,Health,Altmetric ,https://op.europa.eu/en/publication-detail/-/publication/3dcb5c7a-1029-11e6-ba9a-01aa75ed71a1/language-en
maelefabry_2010,A Story of Health,2015,Centers for Disease Control and Prevention (CDC),United States of America,Health,Altmetric ,https://stacks.cdc.gov/view/cdc/33133
wigle_2009,Pesticides and health,2021,UK Parliament Briefing Notes,United Kingdom,Health,Altmetric ,https://post.parliament.uk/research-briefings/post-pb-0043/
wigle_2009,A Story of Health,2015,Centers for Disease Control and Prevention (CDC),United States of America,Health,Altmetric ,https://stacks.cdc.gov/view/cdc/33133
frampton_2006,Pesticides residues in European agricultural soils,2023,The Publications Office of the European Union,European Union,Health,Altmetric ,https://op.europa.eu/en/publication-detail/-/publication/80f635cf-1c73-11ee-806b-01aa75ed71a1/language-en
frampton_2006,Global assessment of the impact of plant protection products on soil functions and soil ecosystems,2023,Food and Agriculture Organization of the United Nations (FAO),International,Agriculture & Food,Altmetric ,https://openknowledge.fao.org/items/116deb6d-6c27-4336-b4de-924e2a6faa80
frampton_2006,Chapter 4/12: Environmental and Health Effects of Pesticide Use,2022,United Nations Environment Programme (UNEP),International,Health,Altmetric ,https://wedocs.unep.org/handle/20.500.11822/40353
frampton_2006,Global assessment of the impact of plant protection products on soil functions and soil ecosystems,2017,Food and Agriculture Organization of the United Nations (FAO),International,Agriculture & Food,Altmetric ,https://openknowledge.fao.org/home
frampton_2006,The usefulness of total concentrations and pore water concentrations of pesticides in soil as metrics for the assessment of ecotoxicological effects,2009,European Food Safety Authority (EFSA),European Union,Agriculture & Food,Altmetric ,https://www.efsa.europa.eu/en/efsajournal/pub/922
frampton_2006,Environmental risk limits for lambda-cyhalothrin,2008,Rijksinstituut voor Volksgezondheid en Milieu (RIVM),Netherlands,Health,Altmetric ,https://www.rivm.nl/publicaties/environmental-risk-limits-for-lambda-cyhalothrin
frampton_2006,Revised proposal for the risk assessment of persistence of plant protection products in soil,2008,Rijksinstituut voor Volksgezondheid en Milieu (RIVM),Netherlands,Health,Altmetric ,https://www.rivm.nl/publicaties/revised-proposal-for-risk-assessment-of-persistence-of-plant-protection-products-in
frampton_2006,Evaluation of the 2006 proposal for risk assessment of persistence of plant protection products in soil,2008,Rijksinstituut voor Volksgezondheid en Milieu (RIVM),Netherlands,Health,Altmetric ,https://www.rivm.nl/publicaties/evaluation-of-2006-proposal-for-risk-assessment-of-persistence-of-plant-protection
maelefabry_2006 ,Evaluation of Employee Health Concerns and Suspected Contamination at an Office Complex,2014,Centers for Disease Control and Prevention (CDC) ,United States of America,Health,Altmetric ,https://stacks.cdc.gov/view/cdc/23487
maelefabry_2006 ,State of the science of endocrine disrupting chemicals 2012 / edited by Ã…ke Bergman â€¦ [â€Žet al]â€Ž,2013,World Health Organization (WHO),International,Health,plumx,https://app.overton.io/document.php?policy_document_id=who-b9f44ea4ae1f8865c66298b7e0f4c596
maelefabry_2006 ,"Evaluation of Prostate Cancer, Diesel Exhaust Exposures, and Radio Frequency Exposures Among Employees at a Rail Yard – Alabama",2011,Centers for Disease Control and Prevention (CDC),United States of America,Health,plumx,https://stacks.cdc.gov/view/cdc/172493
maelefabry_2006 ,Evaluation of Cancer among Occupants of Two Office Buildings,2009,Centers for Disease Control and Prevention (CDC),United States of America,Health,plumx,NA
maelefabry_2006 ,Identification of Substances of Very High Concern (SVHC) under the 'equivalent level of concern' route (REACH Article 57(f)) - EU Law and Publications,2015,The Publications Office of the European Union,European Union,Health,plumx,https://op.europa.eu/en/publication-detail/-/publication/f2c22d98-6fe3-46d9-80c0-ae6d65c40332/language-en
riget_2004,"Human health effects of benzene, arsenic, cadmium, nickel, lead and mercury: report of an expert consultation",2024,World Health Organization (WHO),International,Health,plumx,https://app.overton.io/document.php?policy_document_id=who-53cdefa6892c6ca1bf65018f4e526423
riget_2004,"COSEWIC assessment and status report on the ringed seal, Pusa hispida, in Canada",2019,Government of Canada,Canada,Conservation & Biodiversity,plumx,https://app.overton.io/document.php?policy_document_id=governmentofcanada-c24ec71876099a2fc6a1cbf2d12a13b9
riget_2004,Study on the cumulative health and environmental benefits of chemical legislation: final report,2017,Publications Office of the European Union,European Union,Health,plumx,https://app.overton.io/document.php?policy_document_id=europa-34c74d54c429a00acb0253fcc6779e4c
riget_2004,AMAP Assessment 2015: Human Health in the Arctic,2016,United Nations Environment Programme (UNEP),International,Health,plumx,https://app.overton.io/document.php?policy_document_id=unenvironment-05b9805e81af6158bc8c93e856dfc707
riget_2004,AMAP Assessment 2015: Human Health in the Arctic,2016,Arctic Council,International,Pollution Management & Monitoring,plumx,https://app.overton.io/document.php?policy_document_id=arcticcouncil-01fcc840d138f1a021c61cd6d12569d4
riget_2004,AMAP Assessment 2009: Human Health in the Arctic,2015,Arctic Council,International,Pollution Management & Monitoring,plumx,https://app.overton.io/document.php?policy_document_id=arcticcouncil-9f3803a5e25561b452e8846a491311e1
riget_2004,AMAP Assessment 2011: Mercury in the Arctic,2015,Arctic Council,International,Pollution Management & Monitoring,plumx,https://app.overton.io/document.php?policy_document_id=arcticcouncil-8c570641898297c4fc65ff36da4b1775
riget_2004,9002 [ Lidy juaulajddns g auinjoj,2013,International Whaling Commission (IWC),International,Conservation & Biodiversity,plumx,https://app.overton.io/document.php?policy_document_id=intwhalingcomm-657a175112da2a48e0fa7eac074c1f04
riget_2004,Air Pollution Studies No18: Mercury,2011,United Nations Economic Commission for Europe (UNECE),European Union,Pollution Management & Monitoring,plumx,https://app.overton.io/document.php?policy_document_id=unece-00a18d6c928043a2235d4cbca0fa26d2
riget_2004,Hemispheric transport of air pollution 2010,2010,United Nations,International,Pollution Management & Monitoring,plumx,https://app.overton.io/document.php?policy_document_id=unitednations-f8b8cca92c9fbff790cb97efd0ef0b76
ojajarvi_2000,"Human health effects of benzene, arsenic, cadmium, nickel, lead and mercury: report of an expert consultation",2024,World Health Organization (WHO),International,Health,Altmetric ,https://iris.who.int/handle/10665/375606
ojajarvi_2000,"Human health effects of benzene, arsenic, cadmium, nickel, lead and mercury: report of an expert consultation",2024,World Health Organization (WHO),International,Health,Altmetric ,https://iris.who.int/handle/10665/375606
ojajarvi_2000,Veterans and Agent Orange: Update 2008,2009,US National Academies Press (NAP),United States of America,Bioweapon risks,Altmetric ,https://nap.nationalacademies.org/catalog/12662/veterans-and-agent-orange-update-2008
ojajarvi_2000,Veterans and Agent Orange: Update 2006,2007,US National Academies Press (NAP),United States of America,Bioweapon risks,Altmetric ,https://nap.nationalacademies.org/catalog/11906/veterans-and-agent-orange-update-2006
ojajarvi_2000,Toxicological profile for nickel,2005,Centers for Disease Control and Prevention (CDC),United States of America,Toxicological profilling,Altmetric ,https://stacks.cdc.gov/view/cdc/6686
ojajarvi_2000,Asbestos Exposure Limit,2005,Mine Safety and Health Administration (MSHA),International,Health,Altmetric ,https://www.federalregister.gov/documents/2005/07/29/05-14510/asbestos-exposure-limit
ojajarvi_2000,Veterans and Agent Orange: Update 2004,2005,US National Academies Press (NAP),United States of America,Bioweapon risks,Altmetric ,https://nap.nationalacademies.org/catalog/11242/veterans-and-agent-orange-update-2004
ojajarvi_2000,Toxicological profile for synthetic vitreous fibers,2004,Centers for Disease Control and Prevention (CDC),United States of America,Toxicological profilling,Altmetric ,https://stacks.cdc.gov/view/cdc/7009
ojajarvi_2000,Veterans and Agent Orange: Update 2002,2003,US National Academies Press (NAP),United States of America,Bioweapon risks,Altmetric ,https://nap.nationalacademies.org/catalog/10603/veterans-and-agent-orange-update-2002
ojajarvi_2000,Veterans and Agent Orange: Update 2000,2001,US National Academies Press (NAP),United States of America,Bioweapon risks,Altmetric ,https://nap.nationalacademies.org/catalog/10098/veterans-and-agent-orange-update-2000
adami_1995,Global assessment on the state of the science of endocrine disruptors,2012,World Health Organization (WHO),International,Research direction,Altmetric ,https://iris.who.int/handle/10665/67357
adami_1995,"Toxicological profile for DDT, DDE, and DDD",2002,Centers for Disease Control and Prevention (CDC),United States of America,Toxicological profilling,Altmetric ,https://stacks.cdc.gov/view/cdc/6738
adami_1995,Toxicological profile for hexachlorobenzene,2002,Centers for Disease Control and Prevention (CDC),United States of America,Toxicological profilling,Altmetric ,https://stacks.cdc.gov/view/cdc/6739
adami_1995,Global assessment on the state of the science of endocrine disruptors,2002,World Health Organization (WHO),International,Research direction,Altmetric ,https://iris.who.int/handle/10665/67357
koureas_2019,S 2020 nr 01 - Contaminants in blood and urine from adolescents in Sweden,2020,Livsmedelsverket,Sweden,Health,plumx,https://app.overton.io/document.php?policy_document_id=livsmedelsverket-f5e520dc73cee38b02e666b4774d8d61
koureas_2019,Contaminants in blood and urine from adolescents in Sweden: Results from the national dietary survey Riksmaten Adolescents 2016–17,2020,Naturvårdsverket,Sweden,Health,plumx,https://app.overton.io/document.php?policy_document_id=naturvardsverket-894a67bbefe679be2116efdd1abb1638
goodier_2016,Amphibian conservation action plan,2024,International Union for Conservation of Nature,International,Conservation & Biodiversity,plumx,https://app.overton.io/document.php?policy_document_id=iucn-f130cc3b711980747e29ace4596f095a
goodier_2016,Scientific Opinion on the state of the science on pesticide risk assessment for amphibians and reptiles,2018,European Food Safety Authority (EFSA),European Union,Conservation & Biodiversity,plumx,https://app.overton.io/document.php?policy_document_id=efsaeu-438532f53e08ef7c2adc736ff9932ae2
ahmed_2017,Identification of Substances of Very High Concern (SVHC) under the 'equivalent level of concern' route (REACH Article 57(f)) - EU Law and Publications,2015,The Publications Office of the European Union,European Union,Health,plumx,https://op.europa.eu/en/publication-detail/-/publication/f2c22d98-6fe3-46d9-80c0-ae6d65c40332/language-en
ahmed_2017,Firefighters and Parkinson’s Disease Risk: Report to the Legislature regarding inclusion of Parkinson’s disease into RCW 51.32.185,2023,State of Washington,United States of America,Health,plumx,https://app.overton.io/document.php?policy_document_id=stateofwashington-578b243ee35193961f4beb2590997bc9
ahmed_2017,Scoping Review of Paraquat Dichloride Exposure and Parkinson’s Disease,2020,National Toxicology Program,United States of America,Health,plumx,https://app.overton.io/document.php?policy_document_id=ntphhs-29ed7fb8ebbfb798ce27d200bfcbd0f1
ahmed_2017,Les risques sanitaires des pesticides : des pistes d’action pour en réduire les impacts,2019,Institut national de santé publique du Québec,Canada,Health,plumx,https://app.overton.io/document.php?policy_document_id=inspq_canada-81a83a7b55ddb76ffac07e8c1f44bcd6
kamel_2012,Pesticides et effets sur la santé - Nouvelles données.fr,2012,La Documentation Française,France ,Health,plumx,https://app.overton.io/document.php?policy_document_id=ladocumentationfrancaise-5a6739cd0258ff5ab9135471b5971989
kamel_2012,Gewasbeschermingsmiddelen en neurodegeneratieve ziekten: mogelijkheden om de toelatingsvereisten te verbeteren,2021,Rijksoverheid,Netherlands,Health,plumx,https://app.overton.io/document.php?policy_document_id=rijksoverheid-211aff539cffe4ace4d019f8a26645f6
kamel_2012,Gewasbeschermingsmiddelen en neurodegeneratieve ziekten: mogelijkheden om de toelatingsvereisten te verbeteren,2021,Rijksinstituut voor Volksgezondheid en Milieu (RIVM),Netherlands,Health,plumx,https://app.overton.io/document.php?policy_document_id=rivmnl-e0222d13674b07d7014e786e25bdd1db
kamel_2012,US EPA - Pyrethroids: Tier II Epidemiology Report,2021,Environmental Protection Agency (EPA),United States of America,Health,plumx,https://app.overton.io/document.php?policy_document_id=epagov-f4663d1986e329f911bf69b1a9697bfe
kamel_2012,Pesticides and Human Health - Part 2. PEI Health and Pesticide Use,2019,Province of Prince Edward Island,United Kingdom,Health,plumx,https://app.overton.io/document.php?policy_document_id=provinceofpei-5fe67faf2aef464bc98219cc37812f08
kamel_2012,Pesticides and our Health International,2015,Greenpeace,Netherlands,Health,plumx,https://app.overton.io/document.php?policy_document_id=greenpeace-531d13b2444d1e89ae93317fab51f096
kamel_2012,Toxicological profile for toxaphene,2015,Government Publishing Office (GPO),United States of America,Toxicological profilling,plumx,https://app.overton.io/document.php?policy_document_id=gpogov-120e5cddcf26a818c87d259980cf9315
kamel_2012,Gewasbescherming en omwonenden,2014,Gezondheidsraad,Netherlands,Health,plumx,https://app.overton.io/document.php?policy_document_id=gezondheidsraad-a396a0e8b27c3cc82301a5f07edc53f9
kamel_2012,Literature review on epidemiological studies linking exposure to pesticides and health effects,2014,European Food Safety Authority (EFSA),European Union,Health,plumx,https://app.overton.io/document.php?policy_document_id=efsaeu-1265d4f2c62a30223b26e396fbf7c41a
kamel_2012,Scientific Opinion on the identification of pesticides to be included in cumulative assessment groups on the basis of their toxicological profile,2013,European Food Safety Authority (EFSA),European Union,Toxicological profilling,plumx,https://app.overton.io/document.php?policy_document_id=efsaeu-a7780fa6052b04839b45f44176f601da
turner_2010,Pesticides and health,2021,UK Parliament Briefing notes,United Kingdom,Health,plumx,https://post.parliament.uk/research-briefings/post-pb-0043/
turner_2010,The Evolving Chemicals Economy: Status and Trends Relevant for Sustainability - Global Chemicals Outlook II Part I,2019,United Nations Environment Programme (UNEP),International,Economics,plumx,https://wedocs.unep.org/handle/20.500.11822/28186
turner_2010,Gezondheidsverkenning omwonenden van landbouwpercelen,2018,Rijksoverheid,Netherlands,Health,plumx,https://www.rijksoverheid.nl/documenten/rapporten/2018/07/06/gezondheidsverkenning-omwonenden-van-landbouwpercelen
turner_2010,Gezondheidsverkenning omwonenden van landbouwpercelen,2018,Rijksinstituut voor Volksgezondheid en Milieu (RIVM),Netherlands,Health,plumx,https://www.rivm.nl/publicaties/gezondheidsverkenning-omwonenden-van-landbouwpercelen
turner_2010,Â¡No contamines mi futuro! El impacto de los factores medioambientales en la salud infantil,2018,World Health Organization (WHO),International,Health,plumx,https://iris.who.int/handle/10665/260430
turner_2010,Ne polluez pas mon avenir ! L'impact environnemental sur la santÃ© infantile,2017,World Health Organization (WHO),International,Health,plumx,https://iris.who.int/handle/10665/260429
turner_2010,Study on the calculation of the benefits of chemicals legislation on human health and the environment - EU Law and Publications,2016,The Publications Office of the European Union,European Union,Health,plumx,https://op.europa.eu/en/publication-detail/-/publication/3dcb5c7a-1029-11e6-ba9a-01aa75ed71a1/language-en
turner_2010,A Story of Health,2015,Centers for Disease Control and Prevention (CDC),United States of America,Health,plumx,https://stacks.cdc.gov/view/cdc/33133
maelefabry_2013,Pesticides et effets sur la santé - Nouvelles données.fr,2021,La Documentation Française,France ,Health,plumx,https://app.overton.io/document.php?policy_document_id=ladocumentationfrancaise-5a6739cd0258ff5ab9135471b5971989
maelefabry_2013,Pesticide exposure as risk factor for non-Hodgkin lymphoma including histopathological subgroup analysis,2020,City of New York,United States of America,Health,plumx,https://app.overton.io/document.php?policy_document_id=nycgov-b13b7604206a8b9fe350d88ce9daf273
maelefabry_2013,Les risques sanitaires des pesticides : des pistes dâ€™action pour en rÃ©duire les impacts,2019,Institut national de santé publique du Québec,Canada,Health,plumx,https://app.overton.io/document.php?policy_document_id=inspq_canada-81a83a7b55ddb76ffac07e8c1f44bcd6
maelefabry_2013,Human health implications of organic food and organic agriculture,2017,Publications Office of the European Union,European Union,Agriculture & Food,plumx,https://app.overton.io/document.php?policy_document_id=europa-f4cb98a22473a45e4d516f9a3b51faa6
maelefabry_2013,Human health implications of organic food and organic agriculture,2016,Panel for the Future of Science and Technology (STOA) for the European Parliament,European Union,Agriculture & Food,plumx,https://app.overton.io/document.php?policy_document_id=stoa-db9ce4a8a59deea4bc446156d4a1a4dc
maelefabry_2013,Gewasbescherming en omwonenden,2014,Gezondheidsraad,Netherlands,Health,plumx,https://app.overton.io/document.php?policy_document_id=gezondheidsraad-a396a0e8b27c3cc82301a5f07edc53f9
maelefabry_2013,Human health implications of organic food and organic agriculture,2013,European Parliamentary Research Service,European Union,Health,plumx,https://app.overton.io/document.php?policy_document_id=euparl_library-23efa2206a2a0b7a2741fa8571d09972
yan_2016,A blueprint for dementia research,2022,World Health Organization (WHO),International,Health,Altmetric ,https://iris.who.int/handle/10665/363341
maelefabry_2017,Pesticides: training for health care providers,2024,World Health Organization (WHO),International,Health,plumx,https://app.overton.io/document.php?policy_document_id=who-682514b80fe3f187cd8f84eaf2fd6fdb
maelefabry_2017,Pesticides et effets sur la santé - Nouvelles données.fr,2021,La Documentation Française,France ,Health,plumx,https://app.overton.io/document.php?policy_document_id=ladocumentationfrancaise-5a6739cd0258ff5ab9135471b5971989
maelefabry_2017,Les risques sanitaires des pesticides : des pistes d’action pour en réduire les impacts,2019,Institut national de santé publique du Québec,Canada,Health,plumx,https://app.overton.io/document.php?policy_document_id=inspq_canada-81a83a7b55ddb76ffac07e8c1f44bcd6
wang_2017,FAO/WHO background document on the risks and benefits of fish consumption,2024,World Health Organization (WHO),International,Agriculture & Food,plumx,https://app.overton.io/document.php?policy_document_id=who-31776960af50e9c79301537a3bb356af
maelefabry_2008,Rapport du réseau national de vigilance et de prévention des pathologies professionnelles (RNV3P) : Description par type de cancer des situations professionnelles à risque : synthèse des données du réseau RNV3P,2018,"French Agency for Food, Environmental and Occupational Health & Safety",France ,Agriculture & Food; Health,plumx,http://app.overton.io/document.php?policy_document_id=anses-2921d0e707ccc5cbe55e7b79e00612d7
maelefabry_2008,AVIS de l’Anses relatif au rapport d’expertise collective de l’Inserm « Pesticides. Effets sur la santé »,2014,"French Agency for Food, Environmental and Occupational Health & Safety",France ,Agriculture & Food; Health,plumx,https://app.overton.io/document.php?policy_document_id=anses-778bfdcfcbd23e318f04a734f8dcced0
maelefabry_2008,Literature review on epidemiological studies linking exposure to pesticides and health effects,2013,European Food Safety Authority (EFSA),European Union,Health,plumx,https://app.overton.io/document.php?policy_document_id=efsaeu-1265d4f2c62a30223b26e396fbf7c41a
maelefabry_2008,The benefits of strict cut-off criteria on human health in relation to the proposal for a Regulation concerning plant protection products,2008,European Parliamentary Research Service,European Union,Health,plumx,https://app.overton.io/document.php?policy_document_id=euparl_library-1d080d1fb57cd51b3d82ea3a7c1a5f37
kachuri_2020,Toxicological Profile for Hexachlorocyclohexane (HCH),2024,Centers for Disease Control and Prevention (CDC),United States of America,Toxicological profilling,Altmetric ,https://stacks.cdc.gov/view/cdc/154572
kachuri_2020,Toxicological profile for hexachlorocyclohexane (HCH) : draft for public comment,2023,Centers for Disease Control and Prevention (CDC),United States of America,Toxicological profilling,Altmetric ,https://stacks.cdc.gov/view/cdc/124652
sharma_2014,"Global Environment Outlook – GEO-6: healthy planet, healthy people",2019,Analysis & Policy Observatory,International,Health,plumx,https://app.overton.io/document.php?policy_document_id=apo-13dcc47c58102073d335d02900d95ce4
sharma_2014,"Global Environment Outlook – GEO-6: Healthy Planet, Healthy People",2019,United Nations Environment Programme (UNEP),International,Health,plumx,https://app.overton.io/document.php?policy_document_id=unenvironment-fae51f68ba8fa2e5e0e4c989c24ae8a2
sharma_2014,"DDT, Lindane, and 2,4-D",2019,International Agrency for Research on Cancer (IARC),International,Toxicological profilling,plumx,https://app.overton.io/document.php?policy_document_id=whoiarc-f7520353b357497de4725cd0f9b102fc
sharma_2014,"Global Environment Outlook - GEO 6 :healthy planet, healthy people",2019,United Nations,International,Health,plumx,https://app.overton.io/document.php?policy_document_id=unitednations-fd17d256257d3cb868db0ae2568f5d2e
sharma_2014,"Global Environment Outlook – GEO-6: Healthy Planet, Healthy People",2019,United Nations Environment Programme (UNEP),International,Health,plumx,https://app.overton.io/document.php?policy_document_id=unenvironment-e3f93ae917bb5bb52c5a88d189a847c4
wen_2019,no policy ,,,,,,
mosallanejad_2016,no policy ,,,,,,
wu_2022,no policy ,,,,,,
yipei_2022,no policy ,,,,,,
chittrakul_2021,no policy ,,,,,,
mendes_2021,no policy ,,,,,,
he_2021,no policy ,,,,,,
wang_2021,no policy ,,,,,,
stratakis,no policy ,,,,,,
song_2022,no policy ,,,,,,
lewis_mikhael_2016,no policy ,,,,,,
zendehdel_2014,no policy ,,,,,,
liu_2022,no policy ,,,,,,
lamat_2022,no policy ,,,,,,
perotta_2008,no policy ,,,,,,
jin_2014,no policy ,,,,,,
chu_2010,no policy ,,,,,,
moore_2011,no policy ,,,,,,
wei_2018,no policy ,,,,,,
krstev_2019,no policy ,,,,,,
fernandes_2020,no policy ,,,,,,
wang_2014,no policy ,,,,,,
munoz_2020,no policy ,,,,,,
meng_2016,no policy ,,,,,,
espinosa_2016,no policy ,,,,,,
lau_2014,no policy ,,,,,,
henley_2012,no policy ,,,,,,
zheng_2015,no policy ,,,,,,
ma_2020,no policy ,,,,,,
munoz_2021,no policy ,,,,,,
gascon_2014,no policy ,,,,,,
mota_2022,no policy ,,,,,,
tiktak_2020,no policy ,,,,,,
